IP地址,端口,类型,存活时间,验证时间
120.79.139.253,8080,HTTP,15天,2020/5/15 21:21
223.241.2.158,4216,HTTPS,1分钟,2020/5/15 21:00
36.59.110.179,4216,HTTP,2小时,2020/5/15 21:00
119.142.193.45,4216,HTTPS,1分钟,2020/5/15 21:00
121.233.87.33,4216,HTTP,10天,2020/5/15 21:00
49.74.22.224,8118,HTTPS,6天,2020/5/15 20:21
125.126.104.248,60004,HTTP,1分钟,2020/5/15 20:21
115.213.144.107,3000,HTTP,1分钟,2020/5/15 20:20
125.126.109.80,60004,HTTP,1分钟,2020/5/15 20:20
125.126.100.239,60004,HTTPS,1分钟,2020/5/15 20:00
125.126.120.169,60004,HTTP,1分钟,2020/5/15 19:21
119.84.112.139,80,HTTPS,30天,2020/5/15 19:00
119.84.112.137,80,HTTPS,37天,2020/5/15 19:00
139.196.137.255,8118,HTTPS,566天,2020/5/15 18:21
61.135.155.82,443,HTTP,1037天,2020/5/15 18:21
139.224.233.103,8118,HTTP,215天,2020/5/15 18:21
125.126.103.235,60004,HTTPS,1分钟,2020/5/15 18:00
125.126.111.78,60004,HTTPS,1分钟,2020/5/15 18:00
125.126.103.126,60004,HTTPS,1分钟,2020/5/15 18:00
125.126.107.23,60004,HTTPS,1分钟,2020/5/15 18:00
125.126.116.241,60004,HTTP,1分钟,2020/5/15 17:20
125.126.112.92,60004,HTTP,1分钟,2020/5/15 17:20
125.126.116.189,60004,HTTP,1分钟,2020/5/15 17:20
125.126.108.19,60004,HTTPS,1分钟,2020/5/15 17:00
125.126.112.46,60004,HTTPS,1分钟,2020/5/15 17:00
125.126.108.185,60004,HTTPS,1分钟,2020/5/15 17:00
117.114.149.66,53281,HTTPS,649天,2020/5/15 17:00
183.162.171.52,4216,HTTPS,1分钟,2020/5/15 16:00
36.57.76.219,4216,HTTPS,1分钟,2020/5/15 16:00
114.98.25.114,4216,HTTPS,1分钟,2020/5/15 16:00
222.184.7.206,40908,HTTP,554天,2020/5/15 15:21
60.179.253.254,3000,HTTP,59分钟,2020/5/15 15:20
218.59.193.14,47138,HTTPS,595天,2020/5/15 15:00
115.219.114.200,3000,HTTP,1天,2020/5/15 15:00
61.178.149.237,59042,HTTPS,565天,2020/5/15 14:20
60.188.28.212,3000,HTTPS,1分钟,2020/5/15 14:00
60.188.85.199,3000,HTTP,1分钟,2020/5/15 13:20
60.184.204.182,3000,HTTP,1分钟,2020/5/15 13:20
60.188.25.36,3000,HTTPS,1分钟,2020/5/15 13:00
60.188.21.203,3000,HTTPS,1分钟,2020/5/15 13:00
223.247.95.110,4216,HTTPS,1分钟,2020/5/15 13:00
118.126.107.41,8118,HTTP,16天,2020/5/15 12:20
223.241.6.43,4216,HTTP,1分钟,2020/5/15 12:20
120.198.76.45,41443,HTTP,30天,2020/5/15 12:20
110.249.176.26,8060,HTTP,70天,2020/5/15 11:21
60.184.204.239,3000,HTTPS,1分钟,2020/5/15 11:00
125.123.152.148,3000,HTTP,1分钟,2020/5/15 10:20
60.184.201.147,3000,HTTPS,1分钟,2020/5/15 10:00
60.188.73.209,3000,HTTPS,1分钟,2020/5/15 9:00
118.24.155.27,8118,HTTPS,23天,2020/5/15 8:20
221.1.200.242,38652,HTTPS,582天,2020/5/15 8:00
118.181.226.166,44640,HTTP,156天,2020/5/15 7:20
124.200.36.118,40188,HTTP,234天,2020/5/15 7:00
60.188.24.60,3000,HTTPS,1分钟,2020/5/15 6:00
60.188.248.240,3000,HTTPS,1分钟,2020/5/15 6:00
111.231.239.143,1081,HTTPS,28天,2020/5/15 5:21
27.154.34.146,31527,HTTPS,553天,2020/5/15 5:21
113.119.64.85,8118,HTTP,1分钟,2020/5/15 5:20
60.188.30.81,3000,HTTP,1分钟,2020/5/15 3:20
182.61.37.22,8080,HTTPS,8小时,2020/5/15 3:20
60.188.30.161,3000,HTTP,1分钟,2020/5/15 3:20
125.123.152.225,3000,HTTP,1分钟,2020/5/15 2:20
60.188.8.238,3000,HTTP,1分钟,2020/5/15 2:20
123.132.232.254,37638,HTTPS,598天,2020/5/15 1:20
60.184.200.6,3000,HTTP,1分钟,2020/5/15 1:20
60.255.186.169,8888,HTTPS,1004天,2020/5/15 0:21
175.148.72.241,1133,HTTPS,688天,2020/5/15 0:20
175.148.69.54,1133,HTTP,627天,2020/5/15 0:20
60.179.253.146,3000,HTTP,1分钟,2020/5/15 0:20
36.57.87.35,4216,HTTP,2小时,2020/5/15 0:00
117.69.170.24,4216,HTTPS,1分钟,2020/5/15 0:00
117.69.168.205,4216,HTTPS,4小时,2020/5/15 0:00
114.98.27.14,4216,HTTP,2小时,2020/5/15 0:00
223.241.3.86,4216,HTTP,3小时,2020/5/15 0:00
60.188.22.113,808,HTTPS,807天,2020/5/15 0:00
60.188.73.155,3000,HTTPS,1分钟,2020/5/15 0:00
60.188.249.153,3000,HTTP,4小时,2020/5/14 23:21
223.243.4.209,4216,HTTP,1小时,2020/5/14 21:20
118.113.112.190,8118,HTTP,1分钟,2020/5/14 21:20
124.93.201.59,59618,HTTPS,553天,2020/5/14 20:20
60.188.7.90,3000,HTTPS,1分钟,2020/5/14 20:00
60.188.10.157,3000,HTTPS,1分钟,2020/5/14 20:00
60.188.90.33,3000,HTTP,1分钟,2020/5/14 19:21
60.188.11.1,3000,HTTP,1分钟,2020/5/14 19:21
218.203.132.117,808,HTTPS,23天,2020/5/14 19:00
223.241.7.98,4216,HTTP,1分钟,2020/5/14 18:20
223.241.6.49,4216,HTTPS,1分钟,2020/5/14 18:00
60.188.91.118,3000,HTTP,1分钟,2020/5/14 17:20
60.188.18.27,3000,HTTPS,1分钟,2020/5/14 17:00
60.188.8.196,3000,HTTP,1分钟,2020/5/14 16:20
60.188.84.88,3000,HTTP,1分钟,2020/5/14 16:20
60.188.67.205,3000,HTTP,1分钟,2020/5/14 16:20
119.142.197.77,4216,HTTPS,1分钟,2020/5/14 15:00
60.188.241.255,3000,HTTPS,1分钟,2020/5/14 15:00
60.188.17.46,3000,HTTP,1分钟,2020/5/14 14:20
110.189.152.86,52277,HTTPS,593天,2020/5/14 14:00
125.126.115.185,60004,HTTPS,1分钟,2020/5/14 14:00
111.222.141.127,8118,HTTP,73天,2020/5/14 13:20
125.124.205.140,808,HTTP,1分钟,2020/5/14 13:20
60.188.2.195,3000,HTTP,1分钟,2020/5/14 13:20
IP地址,端口,类型,存活时间,验证时间
125.126.115.25,60004,HTTPS,1分钟,2020/5/14 13:00
125.126.115.229,60004,HTTPS,1分钟,2020/5/14 13:00
125.126.115.116,60004,HTTPS,1分钟,2020/5/14 13:00
125.126.126.124,60004,HTTPS,1分钟,2020/5/14 13:00
125.126.109.20,60004,HTTPS,1分钟,2020/5/14 13:00
125.126.110.182,60004,HTTPS,1分钟,2020/5/14 13:00
223.241.22.237,30001,HTTP,4小时,2020/5/14 12:21
183.166.252.187,4216,HTTP,1分钟,2020/5/14 12:20
183.166.241.212,4216,HTTP,1分钟,2020/5/14 12:20
58.246.142.79,8118,HTTP,1分钟,2020/5/14 12:20
211.159.219.225,8118,HTTP,600天,2020/5/14 12:00
60.188.65.81,3000,HTTP,1分钟,2020/5/14 11:20
119.120.248.179,4216,HTTPS,1分钟,2020/5/14 11:00
60.188.12.39,3000,HTTP,15小时,2020/5/14 10:21
180.122.148.223,3000,HTTP,1分钟,2020/5/14 9:21
106.75.63.137,8118,HTTP,1分钟,2020/5/14 9:20
223.241.4.162,4216,HTTP,1分钟,2020/5/14 9:20
223.247.93.169,4216,HTTP,1分钟,2020/5/14 9:20
223.241.2.84,4216,HTTP,1分钟,2020/5/14 9:20
223.241.2.88,4216,HTTP,1分钟,2020/5/14 9:20
183.236.234.44,38070,HTTP,1分钟,2020/5/14 9:20
223.241.2.206,4216,HTTP,1分钟,2020/5/14 9:20
218.75.69.50,39590,HTTPS,590天,2020/5/14 9:20
115.238.59.86,53400,HTTPS,531天,2020/5/14 9:00
222.180.24.13,808,HTTP,1063天,2020/5/14 9:00
58.215.219.2,8000,HTTP,1518天,2020/5/14 8:21
117.67.126.98,4216,HTTP,1分钟,2020/5/14 8:21
60.188.27.32,3000,HTTP,1分钟,2020/5/14 8:20
115.219.112.34,3000,HTTP,1分钟,2020/5/14 8:20
112.14.47.6,52024,HTTP,28天,2020/5/14 7:20
60.188.241.88,3000,HTTPS,1分钟,2020/5/14 6:00
60.188.19.119,3000,HTTPS,1分钟,2020/5/14 6:00
223.241.2.172,4216,HTTPS,1分钟,2020/5/14 6:00
115.219.119.147,3000,HTTPS,1分钟,2020/5/14 6:00
120.76.116.167,8118,HTTP,55天,2020/5/14 5:21
220.189.99.192,3000,HTTP,1分钟,2020/5/14 5:21
60.188.22.105,3000,HTTPS,1分钟,2020/5/14 4:00
60.188.240.217,3000,HTTP,1分钟,2020/5/14 3:20
36.57.86.55,4216,HTTPS,1分钟,2020/5/14 3:00
114.99.54.65,8118,HTTPS,239天,2020/5/14 2:00
61.164.39.66,53281,HTTPS,631天,2020/5/14 1:20
223.241.2.176,4216,HTTP,1分钟,2020/5/14 1:20
60.188.77.199,3000,HTTPS,1分钟,2020/5/14 1:00
223.241.2.139,4216,HTTPS,1分钟,2020/5/14 0:00
223.241.2.224,4216,HTTPS,1分钟,2020/5/14 0:00
223.241.2.247,4216,HTTPS,1分钟,2020/5/14 0:00
115.219.112.153,3000,HTTPS,1分钟,2020/5/14 0:00
223.241.2.200,4216,HTTPS,1分钟,2020/5/14 0:00
180.123.169.14,4216,HTTPS,2小时,2020/5/13 23:01
113.12.202.50,40498,HTTPS,537天,2020/5/13 22:21
117.69.150.42,4216,HTTP,1分钟,2020/5/13 22:20
106.14.206.26,8118,HTTP,634天,2020/5/13 22:20
116.22.48.178,4216,HTTPS,1分钟,2020/5/13 22:00
61.140.28.56,4216,HTTPS,1分钟,2020/5/13 22:00
115.219.115.74,3000,HTTPS,1分钟,2020/5/13 22:00
114.217.58.251,3000,HTTP,1分钟,2020/5/13 21:20
60.188.1.48,3000,HTTPS,1分钟,2020/5/13 21:00
60.188.82.82,3000,HTTP,1分钟,2020/5/13 19:21
60.188.3.119,3000,HTTP,1分钟,2020/5/13 18:20
27.184.140.70,8118,HTTP,1分钟,2020/5/13 17:20
60.188.79.155,3000,HTTP,1分钟,2020/5/13 17:20
118.187.58.34,53281,HTTP,996天,2020/5/13 17:00
60.188.21.120,3000,HTTP,1分钟,2020/5/13 16:21
60.188.19.44,3000,HTTPS,1天,2020/5/13 16:20
183.162.166.120,4216,HTTPS,1分钟,2020/5/13 16:00
60.188.248.190,3000,HTTP,7天,2020/5/13 16:00
60.2.44.182,30963,HTTP,429天,2020/5/13 15:21
60.188.245.240,3000,HTTP,1分钟,2020/5/13 15:20
113.208.115.190,8118,HTTP,176天,2020/5/13 15:00
60.189.202.77,3000,HTTPS,1分钟,2020/5/13 14:00
60.188.22.204,3000,HTTP,1分钟,2020/5/13 13:20
60.188.76.153,3000,HTTP,1分钟,2020/5/13 13:20
60.188.241.70,3000,HTTP,9小时,2020/5/13 13:20
60.188.9.27,3000,HTTPS,1分钟,2020/5/13 13:00
183.166.250.137,4216,HTTP,1分钟,2020/5/13 12:21
49.85.96.51,3000,HTTP,1分钟,2020/5/13 12:20
223.243.5.155,4216,HTTPS,1分钟,2020/5/13 12:00
183.162.167.117,4216,HTTPS,1分钟,2020/5/13 12:00
223.241.4.226,4216,HTTPS,1分钟,2020/5/13 12:00
223.243.5.183,4216,HTTPS,1分钟,2020/5/13 12:00
183.162.166.250,4216,HTTPS,1分钟,2020/5/13 12:00
183.162.166.35,4216,HTTPS,1分钟,2020/5/13 12:00
49.85.75.27,3000,HTTP,1分钟,2020/5/13 10:21
180.124.86.4,4216,HTTPS,3天,2020/5/13 10:00
60.188.22.150,3000,HTTP,4天,2020/5/13 9:20
60.188.242.165,3000,HTTP,5天,2020/5/13 9:20
114.98.163.246,30001,HTTP,3天,2020/5/13 9:00
60.188.4.145,3000,HTTPS,1分钟,2020/5/13 9:00
60.188.19.206,3000,HTTP,3天,2020/5/13 8:00
175.4.68.43,8118,HTTP,4天,2020/5/13 7:00
120.26.199.103,8118,HTTP,892天,2020/5/13 6:20
27.42.168.46,48919,HTTP,545天,2020/5/13 6:01
60.188.12.43,3000,HTTPS,5天,2020/5/13 6:00
211.149.252.155,8888,HTTP,57天,2020/5/13 5:21
49.85.50.110,3000,HTTP,1分钟,2020/5/13 5:20
222.93.72.121,8118,HTTPS,12天,2020/5/13 4:21
183.195.106.118,8118,HTTPS,25天,2020/5/13 4:20
159.226.21.115,80,HTTP,1分钟,2020/5/13 4:20
60.188.6.207,3000,HTTP,1分钟,2020/5/13 4:20
60.188.16.117,3000,HTTP,1分钟,2020/5/13 4:20
60.188.64.101,3000,HTTP,1分钟,2020/5/13 4:20
60.188.24.170,3000,HTTP,1分钟,2020/5/13 4:20
49.235.253.240,8888,HTTP,62天,2020/5/13 3:20
60.188.251.76,3000,HTTP,1分钟,2020/5/13 3:20
60.167.113.134,1133,HTTP,191天,2020/5/13 3:20
60.188.15.181,3000,HTTP,1分钟,2020/5/13 3:20
114.99.255.211,8118,HTTP,1分钟,2020/5/13 3:20
27.208.29.181,8060,HTTP,1分钟,2020/5/13 2:21
175.148.77.29,1133,HTTPS,553天,2020/5/13 2:20
121.8.28.194,4216,HTTPS,1分钟,2020/5/13 2:00
121.36.5.202,8080,HTTP,1分钟,2020/5/13 1:20
113.110.49.123,4216,HTTP,1分钟,2020/5/12 23:20
106.14.76.134,8080,HTTP,1分钟,2020/5/12 23:20
183.166.132.76,9999,HTTP,148天,2020/5/12 22:20
180.125.238.7,4216,HTTP,1分钟,2020/5/12 22:20
183.166.249.219,4216,HTTP,1分钟,2020/5/12 22:20
117.67.59.206,4216,HTTPS,3小时,2020/5/12 22:00
180.125.238.2,4216,HTTPS,3小时,2020/5/12 22:00
27.184.244.164,8118,HTTP,40分钟,2020/5/12 22:00
60.188.95.160,3000,HTTPS,1分钟,2020/5/12 21:00
58.58.213.55,8888,HTTPS,641天,2020/5/12 19:21
117.186.49.50,55443,HTTPS,22天,2020/5/12 19:21
122.241.219.191,3000,HTTP,1分钟,2020/5/12 19:20
114.104.143.77,4216,HTTPS,1分钟,2020/5/12 19:00
114.104.139.89,4216,HTTPS,1分钟,2020/5/12 19:00
116.85.51.98,8080,HTTPS,8天,2020/5/12 18:20
60.188.17.231,3000,HTTP,1分钟,2020/5/12 18:20
125.126.123.135,60004,HTTPS,1分钟,2020/5/12 18:00
60.188.25.50,3000,HTTPS,1分钟,2020/5/12 18:00
60.188.18.74,3000,HTTPS,1分钟,2020/5/12 17:00
60.188.77.246,3000,HTTPS,1分钟,2020/5/12 17:00
125.123.154.16,3000,HTTPS,1分钟,2020/5/12 17:00
60.188.240.150,3000,HTTPS,7小时,2020/5/12 17:00
60.188.17.182,3000,HTTPS,1分钟,2020/5/12 17:00
60.188.76.218,3000,HTTPS,1分钟,2020/5/12 15:00
60.188.10.57,3000,HTTPS,1分钟,2020/5/12 15:00
123.56.246.209,8080,HTTP,2天,2020/5/12 14:20
60.188.21.79,3000,HTTPS,5天,2020/5/12 14:20
117.66.143.39,3000,HTTP,1分钟,2020/5/12 14:20
60.188.7.208,3000,HTTP,1分钟,2020/5/12 13:20
60.188.23.85,3000,HTTP,1分钟,2020/5/12 13:20
211.152.33.24,48749,HTTPS,527天,2020/5/12 13:20
183.157.172.138,8118,HTTPS,763天,2020/5/12 13:00
222.85.28.130,40505,HTTP,337天,2020/5/12 12:20
125.126.107.10,60004,HTTPS,1分钟,2020/5/12 12:00
125.126.96.46,60004,HTTPS,1分钟,2020/5/12 12:00
125.126.120.207,60004,HTTPS,1分钟,2020/5/12 12:00
60.188.17.132,3000,HTTPS,1分钟,2020/5/12 12:00
125.126.99.215,60004,HTTPS,1分钟,2020/5/12 11:00
125.126.112.82,60004,HTTPS,1分钟,2020/5/12 11:00
119.50.194.79,80,HTTPS,2天,2020/5/12 10:21
60.188.91.109,3000,HTTP,1分钟,2020/5/12 10:20
60.188.252.183,3000,HTTP,1分钟,2020/5/12 10:20
49.76.162.128,8123,HTTPS,690天,2020/5/12 10:20
58.215.201.98,35728,HTTP,17天,2020/5/12 10:00
60.188.81.123,3000,HTTP,1分钟,2020/5/12 9:21
60.179.200.53,3000,HTTP,1分钟,2020/5/12 7:20
125.123.155.156,3000,HTTP,1分钟,2020/5/12 4:20
101.132.170.11,8080,HTTPS,1分钟,2020/5/12 4:00
101.200.57.251,80,HTTP,21天,2020/5/12 3:21
27.188.64.70,8060,HTTP,74天,2020/5/12 3:21
119.254.94.114,45691,HTTPS,593天,2020/5/12 3:20
122.14.47.21,8118,HTTPS,199天,2020/5/12 2:21
175.165.128.131,1133,HTTP,1分钟,2020/5/12 2:20
218.76.253.201,61408,HTTPS,594天,2020/5/12 2:00
60.188.11.148,3000,HTTPS,2天,2020/5/12 2:00
180.175.169.253,8060,HTTP,1分钟,2020/5/12 1:21
175.148.76.174,1133,HTTPS,533天,2020/5/12 1:20
60.216.101.46,59351,HTTP,594天,2020/5/12 1:20
120.79.64.147,8118,HTTPS,73天,2020/5/12 1:20
183.166.138.181,4216,HTTPS,11天,2020/5/12 1:00
183.166.138.19,4216,HTTPS,1小时,2020/5/12 1:00
125.115.183.184,808,HTTP,1038天,2020/5/12 1:00
117.69.170.93,4216,HTTPS,4小时,2020/5/12 1:00
121.33.220.158,808,HTTPS,559天,2020/5/12 0:00
117.69.170.45,4216,HTTP,1分钟,2020/5/11 23:20
60.188.25.185,3000,HTTP,1分钟,2020/5/11 22:20
114.104.138.183,4216,HTTP,39分钟,2020/5/11 22:00
60.188.7.137,3000,HTTPS,1分钟,2020/5/11 22:00
117.64.237.111,8118,HTTP,1332天,2020/5/11 21:21
219.159.38.197,56210,HTTP,530天,2020/5/11 20:20
60.188.0.32,3000,HTTPS,1分钟,2020/5/11 20:00
183.129.166.242,46573,HTTPS,22小时,2020/5/11 19:00
60.188.30.129,3000,HTTP,2天,2020/5/11 19:00
183.166.253.252,4216,HTTP,1分钟,2020/5/11 18:20
106.14.122.231,8080,HTTP,1分钟,2020/5/11 18:20
222.88.158.34,8060,HTTP,9天,2020/5/11 17:22
175.24.18.94,8888,HTTPS,1分钟,2020/5/11 17:00
175.148.74.121,1133,HTTPS,632天,2020/5/11 16:20
60.188.75.116,3000,HTTPS,1分钟,2020/5/11 16:00
122.246.192.140,3000,HTTPS,1分钟,2020/5/11 16:00
182.138.160.189,8118,HTTP,14天,2020/5/11 16:00
36.7.69.56,8060,HTTP,63天,2020/5/11 15:20
117.69.152.255,4216,HTTP,1分钟,2020/5/11 15:20
114.104.129.120,4216,HTTP,1分钟,2020/5/11 15:20
60.188.82.63,3000,HTTPS,1分钟,2020/5/11 15:00
183.250.255.86,63000,HTTPS,18天,2020/5/11 14:20
117.64.235.81,8888,HTTP,1分钟,2020/5/11 14:20
221.2.175.238,8060,HTTP,60天,2020/5/11 13:21
60.188.9.176,3000,HTTPS,14小时,2020/5/11 11:20
175.148.78.184,1133,HTTP,1分钟,2020/5/11 11:20
221.6.48.83,8118,HTTP,3天,2020/5/11 11:20
60.188.13.138,3000,HTTP,1分钟,2020/5/11 7:20
139.9.195.202,8118,HTTPS,62天,2020/5/11 7:00
223.241.21.149,30001,HTTPS,1分钟,2020/5/11 6:00
223.247.95.122,4216,HTTP,1分钟,2020/5/11 5:20
114.98.26.124,4216,HTTP,1分钟,2020/5/11 5:20
60.188.20.99,3000,HTTPS,1分钟,2020/5/11 5:00
60.188.7.76,3000,HTTP,1分钟,2020/5/11 4:20
60.188.242.100,3000,HTTP,1分钟,2020/5/11 4:20
60.188.68.66,3000,HTTP,1分钟,2020/5/11 4:20
60.188.5.158,3000,HTTP,1分钟,2020/5/11 4:20
114.104.139.19,4216,HTTP,1分钟,2020/5/11 3:20
114.98.27.15,4216,HTTP,1分钟,2020/5/11 3:20
139.224.101.173,8888,HTTP,1分钟,2020/5/11 3:20
60.188.74.120,3000,HTTPS,1分钟,2020/5/11 3:00
106.52.11.159,8118,HTTP,9天,2020/5/11 2:21
144.123.69.145,10086,HTTP,1分钟,2020/5/11 2:20
60.188.14.118,3000,HTTP,1天,2020/5/11 1:20
60.188.71.183,3000,HTTP,1分钟,2020/5/11 1:20
60.188.64.232,3000,HTTPS,1分钟,2020/5/11 1:00
117.88.177.23,3000,HTTP,1分钟,2020/5/11 0:20
222.95.241.66,3000,HTTPS,1分钟,2020/5/11 0:00
117.88.5.158,3000,HTTP,72天,2020/5/11 0:00
117.88.177.77,3000,HTTPS,73天,2020/5/11 0:00
222.95.144.26,3000,HTTPS,90天,2020/5/11 0:00
117.88.5.120,3000,HTTPS,39天,2020/5/11 0:00
121.237.149.195,3000,HTTPS,58天,2020/5/11 0:00
60.188.17.176,3000,HTTP,1分钟,2020/5/10 23:20
60.188.87.106,3000,HTTPS,1分钟,2020/5/10 23:00
60.188.30.123,3000,HTTP,1分钟,2020/5/10 22:20
60.188.3.79,3000,HTTPS,1分钟,2020/5/10 22:00
114.98.24.76,4216,HTTPS,1分钟,2020/5/10 22:00
117.88.5.13,3000,HTTPS,1分钟,2020/5/10 21:00
218.58.194.162,8060,HTTP,12天,2020/5/10 20:20
60.188.21.198,3000,HTTP,1分钟,2020/5/10 20:20
60.167.132.223,808,HTTPS,1040天,2020/5/10 19:20
60.188.3.226,3000,HTTP,1分钟,2020/5/10 19:20
60.188.24.109,3000,HTTPS,1分钟,2020/5/10 18:00
60.188.88.242,3000,HTTPS,1分钟,2020/5/10 18:00
60.188.89.240,3000,HTTPS,1分钟,2020/5/10 18:00
118.193.34.56,8080,HTTP,14天,2020/5/10 17:21
223.247.93.58,4216,HTTP,1分钟,2020/5/10 17:20
223.241.7.166,4216,HTTP,1分钟,2020/5/10 17:20
60.188.29.196,3000,HTTPS,1分钟,2020/5/10 17:00
60.188.25.98,3000,HTTPS,1分钟,2020/5/10 17:00
114.98.24.229,4216,HTTPS,1分钟,2020/5/10 17:00
180.124.87.50,4216,HTTP,1分钟,2020/5/10 16:20
180.123.169.38,4216,HTTPS,2天,2020/5/10 16:20
106.110.97.208,4216,HTTPS,7天,2020/5/10 16:20
180.124.87.134,4216,HTTP,1分钟,2020/5/10 16:20
113.119.65.7,8118,HTTP,1分钟,2020/5/10 16:20
60.188.22.241,3000,HTTPS,1天,2020/5/10 15:00
115.29.170.58,8118,HTTP,1358天,2020/5/10 14:00
60.188.253.57,3000,HTTP,1分钟,2020/5/10 13:21
182.92.242.11,80,HTTP,1072天,2020/5/10 13:21
60.188.0.177,3000,HTTP,6小时,2020/5/10 13:20
60.184.110.250,3000,HTTP,1分钟,2020/5/10 12:20
163.125.154.249,8118,HTTP,1分钟,2020/5/10 11:20
60.188.24.41,3000,HTTP,1分钟,2020/5/10 11:20
114.99.255.120,8118,HTTP,1分钟,2020/5/10 11:20
183.157.172.19,8118,HTTPS,724天,2020/5/10 11:00
118.251.95.187,3128,HTTP,1分钟,2020/5/10 10:20
60.188.22.166,3000,HTTP,1分钟,2020/5/10 10:20
60.188.2.100,3000,HTTP,1分钟,2020/5/10 10:20
112.192.192.26,1133,HTTP,1分钟,2020/5/10 10:20
114.98.27.125,4216,HTTPS,1分钟,2020/5/10 10:00
27.184.131.123,8118,HTTPS,1分钟,2020/5/10 9:00
60.188.64.42,3000,HTTPS,1分钟,2020/5/10 8:00
111.229.224.145,8118,HTTPS,45天,2020/5/10 7:20
60.188.84.142,808,HTTPS,738天,2020/5/10 6:20
125.113.140.240,8118,HTTPS,10天,2020/5/10 6:00
223.99.214.21,53281,HTTP,22天,2020/5/10 5:21
36.59.111.244,4216,HTTPS,19分钟,2020/5/10 5:20
114.98.25.91,4216,HTTPS,19分钟,2020/5/10 5:20
36.59.110.99,4216,HTTPS,19分钟,2020/5/10 5:20
60.190.250.120,8080,HTTPS,673天,2020/5/10 5:20
36.59.111.169,4216,HTTPS,1分钟,2020/5/10 5:00
117.87.72.226,8118,HTTPS,19天,2020/5/10 5:00
39.186.205.159,8118,HTTPS,9天,2020/5/10 4:20
180.123.112.254,4216,HTTP,1分钟,2020/5/10 3:20
49.81.26.147,4216,HTTP,1分钟,2020/5/10 3:20
124.193.110.231,8118,HTTP,4天,2020/5/10 2:20
60.188.83.213,3000,HTTPS,4小时,2020/5/10 2:20
60.188.90.247,3000,HTTP,1分钟,2020/5/10 1:20
175.148.70.167,1133,HTTP,1分钟,2020/5/10 1:20
60.168.80.98,18118,HTTPS,762天,2020/5/10 0:00
60.188.78.189,3000,HTTP,1分钟,2020/5/9 23:20
106.122.205.104,8118,HTTP,1分钟,2020/5/9 23:20
121.237.148.217,3000,HTTPS,1分钟,2020/5/9 22:00
60.188.31.247,3000,HTTPS,1分钟,2020/5/9 22:00
117.88.4.111,3000,HTTP,37天,2020/5/9 21:20
183.166.139.71,4216,HTTP,7天,2020/5/9 21:20
114.99.13.91,1133,HTTP,1分钟,2020/5/9 21:20
60.188.12.170,3000,HTTPS,1分钟,2020/5/9 20:00
113.66.1.124,3128,HTTPS,1分钟,2020/5/9 20:00
202.107.233.123,8090,HTTP,65天,2020/5/9 20:00
112.112.156.125,8060,HTTP,1分钟,2020/5/9 19:21
60.188.27.131,3000,HTTP,1分钟,2020/5/9 19:20
115.199.142.138,8060,HTTP,1分钟,2020/5/9 19:20
60.188.7.32,3000,HTTP,1分钟,2020/5/9 17:20
222.95.144.2,3000,HTTPS,160天,2020/5/9 16:00
60.188.19.205,3000,HTTP,1分钟,2020/5/9 15:20
60.188.79.192,3000,HTTPS,1分钟,2020/5/9 15:00
114.104.129.85,4216,HTTP,1分钟,2020/5/9 14:20
117.69.150.177,4216,HTTP,1分钟,2020/5/9 14:20
60.188.86.139,3000,HTTP,1分钟,2020/5/9 13:20
121.36.210.88,8080,HTTP,7天,2020/5/9 12:20
60.188.76.104,3000,HTTP,1分钟,2020/5/9 12:20
117.69.168.193,4216,HTTPS,1分钟,2020/5/9 12:00
117.88.5.118,3000,HTTPS,53天,2020/5/9 12:00
60.188.31.33,3000,HTTP,59分钟,2020/5/9 11:20
60.188.67.165,3000,HTTP,1分钟,2020/5/9 11:20
60.188.89.100,3000,HTTPS,18小时,2020/5/9 11:00
117.69.180.146,4216,HTTP,1分钟,2020/5/9 10:20
122.245.246.194,3000,HTTP,1分钟,2020/5/9 9:21
114.104.185.18,4216,HTTP,1分钟,2020/5/9 9:21
114.104.128.50,4216,HTTP,1分钟,2020/5/9 9:21
60.188.24.21,3000,HTTP,1分钟,2020/5/9 8:20
27.184.143.71,8118,HTTP,1分钟,2020/5/9 8:20
60.188.11.221,3000,HTTP,1分钟,2020/5/9 8:20
117.94.213.119,8118,HTTP,24天,2020/5/9 8:20
114.104.138.69,9999,HTTPS,146天,2020/5/9 7:20
49.235.69.138,8118,HTTP,151天,2020/5/9 7:20
117.67.126.155,4216,HTTP,1分钟,2020/5/9 7:20
117.69.151.157,4216,HTTP,1分钟,2020/5/9 7:20
183.166.250.62,4216,HTTP,1分钟,2020/5/9 7:20
121.43.41.225,8080,HTTP,1分钟,2020/5/9 7:20
123.57.84.116,8118,HTTP,568天,2020/5/9 6:00
60.188.71.252,3000,HTTPS,1分钟,2020/5/9 5:00
218.14.109.42,44942,HTTPS,591天,2020/5/9 4:20
60.188.240.80,3000,HTTP,1分钟,2020/5/9 4:20
180.124.86.129,4216,HTTPS,1分钟,2020/5/9 4:00
60.188.246.114,3000,HTTP,1分钟,2020/5/9 3:20
60.188.76.47,3000,HTTPS,1分钟,2020/5/9 3:00
60.188.24.190,3000,HTTPS,1分钟,2020/5/9 3:00
183.166.133.225,4216,HTTPS,1分钟,2020/5/9 2:00
60.188.10.140,3000,HTTPS,1分钟,2020/5/9 1:00
117.88.177.83,3000,HTTPS,61天,2020/5/9 0:00
183.166.240.80,4216,HTTPS,4小时,2020/5/9 0:00
121.237.149.141,3000,HTTP,48天,2020/5/9 0:00
60.188.22.144,3000,HTTP,1分钟,2020/5/8 23:20
60.188.8.140,3000,HTTPS,7小时,2020/5/8 23:20
171.38.222.156,8118,HTTPS,2小时,2020/5/8 22:21
180.123.219.202,4216,HTTP,4小时,2020/5/8 22:20
114.104.129.199,4216,HTTP,1分钟,2020/5/8 22:20
183.166.240.188,4216,HTTPS,2小时,2020/5/8 22:20
117.67.74.129,4216,HTTP,1分钟,2020/5/8 21:20
27.184.146.96,8118,HTTP,1分钟,2020/5/8 20:20
114.104.142.154,4216,HTTPS,1分钟,2020/5/8 18:00
117.88.176.127,3000,HTTP,1分钟,2020/5/8 17:20
117.88.177.10,3000,HTTPS,175天,2020/5/8 17:20
117.88.176.198,3000,HTTPS,177天,2020/5/8 16:00
114.215.41.232,8080,HTTP,2天,2020/5/8 15:20
223.100.166.3,36945,HTTP,28天,2020/5/8 14:20
221.218.102.146,33323,HTTPS,590天,2020/5/8 14:20
60.188.15.241,3000,HTTP,20小时,2020/5/8 14:00
60.188.76.174,3000,HTTP,1分钟,2020/5/8 11:20
114.223.103.47,8118,HTTPS,19天,2020/5/8 10:20
60.184.203.91,3000,HTTP,1分钟,2020/5/8 10:20
202.115.142.147,9200,HTTP,35天,2020/5/8 10:00
114.55.32.150,8888,HTTP,26天,2020/5/8 8:21
60.188.31.84,3000,HTTP,1分钟,2020/5/8 8:20
183.166.249.107,4216,HTTPS,1分钟,2020/5/8 8:00
60.188.92.155,3000,HTTPS,1分钟,2020/5/8 7:00
114.104.142.66,4216,HTTPS,1分钟,2020/5/8 4:00
175.148.68.185,1133,HTTP,549天,2020/5/8 3:20
117.45.139.139,9006,HTTP,8天,2020/5/8 3:00
120.194.42.157,38185,HTTP,9天,2020/5/8 0:21
175.148.69.181,1133,HTTPS,1分钟,2020/5/8 0:00
223.247.92.141,4216,HTTP,1分钟,2020/5/7 23:20
183.166.138.88,4216,HTTP,1分钟,2020/5/7 23:20
114.98.24.132,4216,HTTP,1分钟,2020/5/7 23:20
223.247.95.94,4216,HTTPS,1分钟,2020/5/7 23:00
223.247.95.199,4216,HTTPS,1分钟,2020/5/7 23:00
121.13.252.58,41564,HTTP,412天,2020/5/7 23:00
49.81.26.214,4216,HTTP,4天,2020/5/7 23:00
223.241.4.176,4216,HTTPS,1分钟,2020/5/7 23:00
36.57.87.85,4216,HTTP,1分钟,2020/5/7 22:21
39.137.69.7,80,HTTP,1分钟,2020/5/7 22:20
223.241.5.159,4216,HTTP,1分钟,2020/5/7 22:20
223.241.5.190,4216,HTTPS,20分钟,2020/5/7 22:20
183.166.253.161,4216,HTTP,1分钟,2020/5/7 22:20
60.188.78.33,3000,HTTPS,1分钟,2020/5/7 22:00
117.88.176.196,3000,HTTP,5小时,2020/5/7 21:20
223.247.92.30,4216,HTTP,5小时,2020/5/7 21:20
121.237.149.159,3000,HTTP,1分钟,2020/5/7 21:20
117.88.5.0,3000,HTTP,1分钟,2020/5/7 21:20
60.188.16.34,3000,HTTP,1分钟,2020/5/7 20:20
119.254.94.93,46323,HTTPS,575天,2020/5/7 19:20
60.188.89.28,3000,HTTP,1分钟,2020/5/7 19:20
60.188.8.135,3000,HTTPS,1分钟,2020/5/7 19:00
175.148.78.86,1133,HTTPS,498天,2020/5/7 19:00
125.116.174.172,808,HTTP,1分钟,2020/5/7 17:20
180.123.92.240,4216,HTTP,1分钟,2020/5/7 15:21
180.123.112.25,4216,HTTP,1分钟,2020/5/7 15:20
180.123.94.10,4216,HTTP,1分钟,2020/5/7 15:20
114.226.163.169,8118,HTTP,5天,2020/5/7 15:00
114.99.8.67,1133,HTTP,1分钟,2020/5/7 12:20
117.131.235.198,8060,HTTP,17天,2020/5/7 11:20
60.188.19.125,3000,HTTP,1分钟,2020/5/7 11:20
124.112.105.99,4216,HTTPS,13小时,2020/5/7 8:20
49.85.221.111,10098,HTTP,1分钟,2020/5/7 8:20
117.67.127.34,4216,HTTPS,12小时,2020/5/7 8:20
124.112.105.185,4216,HTTPS,13小时,2020/5/7 8:20
61.160.245.88,51332,HTTPS,20小时,2020/5/7 7:20
111.225.112.81,8118,HTTPS,1分钟,2020/5/7 6:00
124.172.232.49,8010,HTTP,724天,2020/5/7 4:20
115.29.108.117,8118,HTTPS,70天,2020/5/7 3:21
183.166.138.6,4216,HTTP,1分钟,2020/5/7 3:20
117.88.176.208,3000,HTTP,2小时,2020/5/6 23:00
124.112.105.158,4216,HTTPS,3小时,2020/5/6 23:00
117.88.177.94,3000,HTTPS,69天,2020/5/6 23:00
121.237.149.132,3000,HTTP,55天,2020/5/6 23:00
117.88.4.83,3000,HTTPS,36天,2020/5/6 22:00
61.150.96.27,46111,HTTPS,582天,2020/5/6 22:00
61.54.225.130,8060,HTTP,69天,2020/5/6 21:21
113.128.120.44,39690,HTTPS,6天,2020/5/6 21:20
125.123.159.12,3000,HTTPS,2天,2020/5/6 21:20
117.88.4.75,3000,HTTPS,20分钟,2020/5/6 18:20
60.188.0.216,3000,HTTPS,1分钟,2020/5/6 18:00
218.21.96.128,58080,HTTPS,65天,2020/5/6 17:21
114.104.143.236,8691,HTTPS,1分钟,2020/5/6 16:00
114.104.142.233,8691,HTTPS,1分钟,2020/5/6 16:00
114.104.142.115,9999,HTTP,88天,2020/5/6 16:00
122.246.94.2,8118,HTTPS,1天,2020/5/6 15:00
124.112.105.244,4216,HTTPS,1分钟,2020/5/6 12:00
223.68.190.130,8181,HTTPS,20天,2020/5/6 11:20
42.59.87.91,1133,HTTP,792天,2020/5/6 9:00
60.188.13.167,3000,HTTP,1分钟,2020/5/6 8:21
58.254.220.116,52470,HTTPS,592天,2020/5/6 8:20
59.44.78.30,42335,HTTP,593天,2020/5/6 7:20
115.208.67.226,8118,HTTPS,1天,2020/5/6 6:00
223.215.107.118,4216,HTTPS,1分钟,2020/5/6 5:00
223.215.106.254,4216,HTTP,1分钟,2020/5/6 3:20
223.215.100.90,4216,HTTP,15小时,2020/5/6 3:20
223.215.103.243,4216,HTTP,15小时,2020/5/6 3:00
223.215.107.36,4216,HTTPS,1分钟,2020/5/6 3:00
223.215.103.118,4216,HTTPS,16小时,2020/5/6 3:00
122.241.201.140,3000,HTTPS,1分钟,2020/5/6 3:00
183.166.252.62,4216,HTTPS,1天,2020/5/6 2:00
183.166.250.187,4216,HTTPS,11小时,2020/5/6 2:00
117.88.177.87,3000,HTTP,1分钟,2020/5/5 23:21
222.95.144.55,3000,HTTP,1分钟,2020/5/5 23:20
124.112.104.62,4216,HTTPS,1天,2020/5/5 23:00
117.88.176.114,3000,HTTP,150天,2020/5/5 23:00
117.88.176.84,3000,HTTPS,1分钟,2020/5/5 22:00
121.237.149.70,3000,HTTPS,106天,2020/5/5 22:00
111.72.25.79,10086,HTTPS,1分钟,2020/5/5 22:00
117.88.4.205,3000,HTTPS,20分钟,2020/5/5 21:21
114.104.139.164,8691,HTTPS,1分钟,2020/5/5 21:00
114.104.139.245,8691,HTTPS,1分钟,2020/5/5 21:00
223.215.102.109,4216,HTTPS,1分钟,2020/5/5 21:00
117.69.152.146,8691,HTTPS,1分钟,2020/5/5 21:00
117.69.153.137,8691,HTTPS,1分钟,2020/5/5 21:00
117.88.177.231,3000,HTTPS,133天,2020/5/5 20:20
49.85.99.29,10098,HTTP,2小时,2020/5/5 17:40
139.196.34.166,80,HTTP,1分钟,2020/5/5 17:21
111.222.120.140,8118,HTTPS,1分钟,2020/5/5 17:00
111.229.103.188,8080,HTTPS,20分钟,2020/5/5 15:20
117.88.176.237,3000,HTTPS,20分钟,2020/5/5 15:20
183.166.251.22,4216,HTTPS,6小时,2020/5/5 14:00
124.112.105.141,4216,HTTPS,1分钟,2020/5/5 14:00
124.112.104.84,4216,HTTP,3小时,2020/5/5 14:00
27.188.62.3,8060,HTTP,7天,2020/5/5 11:21
121.17.210.114,8060,HTTP,63天,2020/5/5 11:21
223.215.101.143,4216,HTTP,1分钟,2020/5/5 11:21
60.188.11.110,3000,HTTP,1分钟,2020/5/5 11:20
114.104.139.93,8691,HTTPS,1分钟,2020/5/5 11:00
117.69.152.162,8691,HTTP,18小时,2020/5/5 11:00
223.215.103.53,4216,HTTPS,1分钟,2020/5/5 11:00
115.199.131.42,8060,HTTP,1分钟,2020/5/5 10:21
183.166.249.36,4216,HTTP,1分钟,2020/5/5 10:20
183.166.138.7,16066,HTTPS,1119天,2020/5/5 10:00
49.81.26.213,4216,HTTPS,1分钟,2020/5/5 10:00
125.123.153.85,3000,HTTP,15小时,2020/5/5 10:00
119.254.94.71,42788,HTTPS,546天,2020/5/5 9:20
117.69.181.247,4216,HTTPS,1分钟,2020/5/5 9:00
106.122.205.90,8118,HTTP,1分钟,2020/5/5 8:20
114.216.50.188,8118,HTTPS,23小时,2020/5/5 8:00
124.112.105.1,4216,HTTPS,1分钟,2020/5/5 8:00
183.166.249.20,4216,HTTPS,1分钟,2020/5/5 8:00
49.85.162.175,10098,HTTPS,13小时,2020/5/5 7:40
180.122.224.55,8888,HTTPS,1分钟,2020/5/5 6:00
117.45.139.230,9006,HTTP,5天,2020/5/5 6:00
221.236.112.112,8118,HTTPS,1分钟,2020/5/5 3:00
139.224.16.103,8080,HTTP,22小时,2020/5/5 2:20
121.237.149.242,3000,HTTPS,1分钟,2020/5/5 0:00
122.235.188.241,8118,HTTP,1分钟,2020/5/4 23:20
117.69.151.6,4216,HTTPS,4天,2020/5/4 23:20
117.69.130.123,8691,HTTPS,1分钟,2020/5/4 22:00
117.88.4.191,3000,HTTPS,1分钟,2020/5/4 22:00
117.69.130.103,8691,HTTPS,1分钟,2020/5/4 22:00
183.146.114.184,8118,HTTPS,1分钟,2020/5/4 22:00
117.88.177.197,3000,HTTPS,74天,2020/5/4 21:21
218.67.94.133,3128,HTTPS,2天,2020/5/4 21:20
117.69.153.238,4216,HTTP,1分钟,2020/5/4 21:20
183.166.253.96,4216,HTTP,8小时,2020/5/4 21:00
221.193.168.32,8118,HTTPS,1分钟,2020/5/4 20:00
114.221.143.172,8118,HTTPS,1分钟,2020/5/4 20:00
125.121.92.64,8118,HTTPS,1分钟,2020/5/4 20:00
183.166.249.3,4216,HTTPS,1分钟,2020/5/4 19:00
125.123.155.237,3000,HTTPS,1分钟,2020/5/4 19:00
114.104.185.244,4216,HTTPS,1分钟,2020/5/4 19:00
125.123.157.194,3000,HTTP,1分钟,2020/5/4 18:20
49.85.2.14,29639,HTTPS,704天,2020/5/4 18:20
49.85.84.225,10098,HTTP,1分钟,2020/5/4 18:20
49.85.0.185,47253,HTTPS,756天,2020/5/4 18:20
125.123.154.160,3000,HTTP,1分钟,2020/5/4 16:20
114.228.205.11,8118,HTTP,1分钟,2020/5/4 16:20
114.104.142.191,8691,HTTP,1分钟,2020/5/4 16:20
123.168.67.96,8118,HTTP,15小时,2020/5/4 16:00
125.123.156.148,3000,HTTP,1分钟,2020/5/4 14:20
125.123.152.159,3000,HTTP,1分钟,2020/5/4 12:20
183.166.139.23,9999,HTTP,143天,2020/5/4 12:20
115.206.100.87,8060,HTTP,1分钟,2020/5/4 11:21
117.88.177.127,3000,HTTP,80天,2020/5/4 10:20
211.142.169.4,808,HTTP,17天,2020/5/4 10:20
117.88.177.185,3000,HTTP,39分钟,2020/5/4 10:00
112.194.112.175,8118,HTTPS,12天,2020/5/4 10:00
117.69.152.116,4216,HTTP,4天,2020/5/4 9:20
117.69.171.237,4216,HTTP,39分钟,2020/5/4 9:00
14.114.39.78,8118,HTTP,4小时,2020/5/4 8:20
14.145.235.192,8118,HTTP,5天,2020/5/4 8:20
117.69.153.180,4216,HTTP,1分钟,2020/5/4 8:20
117.69.171.186,4216,HTTPS,20分钟,2020/5/4 8:20
117.69.178.6,4216,HTTPS,19分钟,2020/5/4 8:20
117.69.152.30,4216,HTTPS,1分钟,2020/5/4 8:00
49.85.97.32,10098,HTTP,1分钟,2020/5/4 7:20
122.51.49.88,8888,HTTP,37天,2020/5/4 7:00
116.113.27.170,47849,HTTPS,543天,2020/5/4 6:00
121.239.88.118,3128,HTTPS,1分钟,2020/5/4 6:00
115.148.240.86,8118,HTTP,1分钟,2020/5/4 5:20
120.24.76.81,8123,HTTPS,1分钟,2020/5/4 5:00
106.14.173.173,8080,HTTP,40天,2020/5/4 4:21
114.233.3.180,63651,HTTP,1分钟,2020/5/4 4:20
121.40.180.172,8888,HTTP,5天,2020/5/4 2:20
183.166.163.220,9999,HTTP,110天,2020/5/4 1:20
58.213.26.32,3000,HTTPS,4小时,2020/5/4 0:00
121.237.148.179,3000,HTTPS,49天,2020/5/4 0:00
117.69.168.68,4216,HTTPS,1分钟,2020/5/4 0:00
112.53.83.102,808,HTTP,2天,2020/5/3 23:00
183.166.241.70,4216,HTTP,4小时,2020/5/3 20:20
218.249.45.162,35586,HTTPS,536天,2020/5/3 20:20
183.166.252.6,4216,HTTP,5小时,2020/5/3 20:20
117.67.127.156,4216,HTTP,10小时,2020/5/3 20:20
183.166.253.239,6666,socks4/5,2640天,2020/5/3 20:20
117.67.74.201,4216,HTTP,1分钟,2020/5/3 20:20
117.67.74.27,4216,HTTP,1分钟,2020/5/3 20:20
183.166.253.204,4216,HTTPS,21小时,2020/5/3 20:20
58.213.26.114,3000,HTTPS,1分钟,2020/5/3 20:00
121.237.149.100,3000,HTTP,31天,2020/5/3 19:20
117.88.177.138,3000,HTTP,1分钟,2020/5/3 19:20
60.217.73.238,8060,HTTP,14天,2020/5/3 18:21
183.166.139.157,4216,HTTPS,1分钟,2020/5/3 17:00
36.57.86.110,4216,HTTPS,1分钟,2020/5/3 15:00
113.128.31.193,31996,HTTPS,791天,2020/5/3 15:00
117.62.172.142,8118,HTTPS,1分钟,2020/5/3 13:00
183.165.30.84,4216,HTTP,1分钟,2020/5/3 12:20
223.215.106.187,4216,HTTP,1分钟,2020/5/3 12:20
120.10.3.216,8118,HTTP,2天,2020/5/3 12:20
60.167.133.229,808,HTTPS,1071天,2020/5/3 10:20
183.230.179.164,8060,HTTP,1天,2020/5/3 8:20
114.104.128.161,4216,HTTPS,1分钟,2020/5/3 7:01
222.190.239.149,8118,HTTP,2天,2020/5/3 2:20
114.104.185.131,4216,HTTPS,1分钟,2020/5/2 23:00
223.215.107.173,4216,HTTPS,1分钟,2020/5/2 23:00
183.166.133.97,4216,HTTPS,1分钟,2020/5/2 23:00
117.69.179.134,4216,HTTPS,1分钟,2020/5/2 23:00
117.69.171.29,4216,HTTP,1小时,2020/5/2 22:20
121.237.148.201,3000,HTTP,119天,2020/5/2 22:20
117.88.176.239,3000,HTTP,115天,2020/5/2 20:00
122.241.223.143,3000,HTTPS,1天,2020/5/2 19:20
121.237.148.207,3000,HTTP,2天,2020/5/2 17:20
114.239.122.65,4216,HTTP,1分钟,2020/5/2 17:20
114.239.127.128,4216,HTTPS,2小时,2020/5/2 17:20
171.35.50.18,8118,HTTPS,4天,2020/5/2 17:20
112.85.107.185,4216,HTTPS,1分钟,2020/5/2 17:00
183.166.162.91,4216,HTTPS,1分钟,2020/5/2 17:00
27.203.223.64,8060,HTTP,1分钟,2020/5/2 16:21
114.239.126.191,4216,HTTP,1分钟,2020/5/2 16:20
183.165.30.156,4216,HTTP,1分钟,2020/5/2 16:20
36.57.87.108,4216,HTTPS,1小时,2020/5/2 16:20
114.239.126.169,4216,HTTP,1分钟,2020/5/2 16:20
220.179.102.124,4216,HTTP,1分钟,2020/5/2 16:20
183.64.239.19,8060,HTTP,1分钟,2020/5/2 15:21
60.188.15.255,3000,HTTPS,2小时,2020/5/2 15:20
112.85.94.20,4216,HTTPS,1分钟,2020/5/2 15:00
223.215.107.122,4216,HTTP,1分钟,2020/5/2 14:20
117.69.170.65,4216,HTTP,1分钟,2020/5/2 14:20
60.217.64.237,31923,HTTP,543天,2020/5/2 14:00
14.114.37.17,8118,HTTPS,1分钟,2020/5/2 14:00
117.93.18.14,8118,HTTPS,2天,2020/5/2 14:00
180.109.124.48,4216,HTTPS,9小时,2020/5/2 13:20
221.226.195.69,4216,HTTP,4小时,2020/5/2 13:20
114.239.126.208,4216,HTTP,1分钟,2020/5/2 13:20
180.109.127.181,4216,HTTP,1分钟,2020/5/2 13:20
112.85.93.75,4216,HTTPS,4小时,2020/5/2 13:20
27.184.147.176,8118,HTTPS,1分钟,2020/5/2 11:00
113.128.120.84,10098,HTTP,19分钟,2020/5/2 10:40
117.69.181.216,4216,HTTP,1分钟,2020/5/2 10:21
114.104.129.122,4216,HTTP,1分钟,2020/5/2 10:20
36.57.76.154,4216,HTTP,1分钟,2020/5/2 10:20
114.222.246.186,4216,HTTP,1分钟,2020/5/2 9:20
121.237.148.83,3000,HTTPS,1分钟,2020/5/2 9:00
121.225.52.43,4216,HTTP,1分钟,2020/5/2 8:21
121.225.53.210,4216,HTTP,14小时,2020/5/2 8:00
49.65.164.138,4216,HTTPS,2小时,2020/5/2 8:00
113.120.62.40,8010,HTTP,1分钟,2020/5/2 6:20
121.225.52.34,4216,HTTPS,1分钟,2020/5/2 6:00
115.231.5.230,44524,HTTPS,581天,2020/5/2 5:20
121.237.149.18,3000,HTTP,1分钟,2020/5/2 3:20
36.57.77.98,4216,HTTPS,1分钟,2020/5/2 3:00
180.111.136.200,4216,HTTPS,1分钟,2020/5/2 3:00
111.38.91.99,8060,HTTP,1天,2020/5/2 0:21
58.213.26.247,3000,HTTP,1分钟,2020/5/2 0:20
123.55.2.208,47096,HTTPS,1分钟,2020/5/1 23:00
121.225.53.11,4216,HTTPS,1分钟,2020/5/1 23:00
183.166.250.23,4216,HTTP,5小时,2020/5/1 22:20
112.85.87.53,4216,HTTPS,20分钟,2020/5/1 22:20
114.239.124.6,4216,HTTPS,1小时,2020/5/1 22:20
114.239.126.10,61234,HTTPS,667天,2020/5/1 22:20
223.215.106.34,4216,HTTPS,59分钟,2020/5/1 22:00
49.65.165.76,4216,HTTPS,1分钟,2020/5/1 21:00
119.190.150.121,8060,HTTP,1分钟,2020/5/1 20:21
118.78.196.171,8118,HTTP,1分钟,2020/5/1 20:21
117.88.4.182,3000,HTTP,1分钟,2020/5/1 20:20
117.88.176.25,3000,HTTPS,43天,2020/5/1 20:20
117.88.177.216,3000,HTTP,124天,2020/5/1 19:20
121.237.149.71,3000,HTTP,36天,2020/5/1 17:20
121.237.148.122,3000,HTTPS,74天,2020/5/1 17:20
183.143.54.254,8118,HTTPS,1分钟,2020/5/1 17:00
14.157.118.185,8118,HTTPS,1分钟,2020/5/1 16:00
119.179.165.112,8060,HTTP,1分钟,2020/5/1 11:21
218.58.193.98,8060,HTTP,64天,2020/5/1 8:21
183.166.163.110,4216,HTTPS,1分钟,2020/5/1 7:00
183.166.249.249,4216,HTTP,1分钟,2020/5/1 6:20
183.166.250.246,4216,HTTP,1分钟,2020/5/1 6:20
120.78.64.154,8213,HTTP,1小时,2020/5/1 6:20
123.14.253.129,8118,HTTP,1分钟,2020/5/1 5:20
119.84.84.185,12345,HTTP,18天,2020/5/1 4:00
220.168.52.245,55255,HTTPS,582天,2020/5/1 3:00
117.69.171.221,4216,HTTPS,3小时,2020/5/1 1:00
117.69.150.232,4216,HTTPS,4小时,2020/5/1 1:00
117.88.4.206,3000,HTTPS,147天,2020/5/1 1:00
113.119.36.36,8118,HTTP,1分钟,2020/5/1 0:20
183.157.72.68,8118,HTTP,1分钟,2020/4/30 23:20
121.237.149.178,3000,HTTPS,32天,2020/4/30 23:01
124.234.55.16,8118,HTTP,1分钟,2020/4/30 22:20
122.51.183.224,808,HTTP,9天,2020/4/30 21:20
117.69.130.190,4216,HTTPS,1小时,2020/4/30 21:00
117.69.180.228,4216,HTTPS,1分钟,2020/4/30 19:00
119.5.34.126,1133,HTTP,1分钟,2020/4/30 18:20
58.61.154.153,8080,HTTPS,10天,2020/4/30 17:20
183.167.217.152,63000,HTTP,695天,2020/4/30 17:20
114.99.7.223,37824,HTTP,1分钟,2020/4/30 15:20
121.9.199.210,8118,HTTPS,1分钟,2020/4/30 13:00
39.137.69.6,8080,HTTP,18天,2020/4/30 11:20
183.166.162.157,4216,HTTPS,1分钟,2020/4/30 11:00
114.104.184.138,4216,HTTPS,1分钟,2020/4/30 11:00
121.237.148.241,3000,HTTPS,31天,2020/4/30 11:00
117.88.176.94,3000,HTTPS,40天,2020/4/30 11:00
183.166.162.151,4216,HTTP,1分钟,2020/4/30 9:20
106.75.177.227,8111,HTTP,49天,2020/4/30 9:00
117.69.96.206,3712,HTTPS,1分钟,2020/4/30 8:00
121.40.162.239,808,HTTP,57天,2020/4/30 7:21
221.180.170.104,8080,HTTP,21天,2020/4/30 7:21
221.1.205.74,8060,HTTP,59天,2020/4/30 7:20
121.237.148.245,3000,HTTP,1分钟,2020/4/30 7:20
117.69.153.79,4216,HTTPS,1分钟,2020/4/30 7:00
121.237.149.164,3000,HTTP,46天,2020/4/30 7:00
121.237.149.61,3000,HTTPS,10天,2020/4/30 4:20
222.95.144.75,3000,HTTPS,1分钟,2020/4/30 4:01
121.237.148.31,3000,HTTP,63天,2020/4/30 3:20
117.88.176.145,3000,HTTP,150天,2020/4/30 3:20
117.88.177.4,3000,HTTPS,152天,2020/4/30 3:00
171.221.86.102,8118,HTTP,14小时,2020/4/30 2:20
183.166.171.43,8888,HTTP,1分钟,2020/4/30 0:20
117.88.177.64,3000,HTTP,142天,2020/4/29 23:20
222.95.144.84,3000,HTTP,1小时,2020/4/29 23:20
223.241.79.115,8010,HTTPS,903天,2020/4/29 23:00
183.157.192.149,8118,HTTP,1分钟,2020/4/29 22:20
121.237.148.131,3000,HTTPS,49天,2020/4/29 20:20
121.40.108.76,80,HTTP,1662天,2020/4/29 19:21
117.88.4.156,3000,HTTPS,41天,2020/4/29 18:01
222.95.144.31,3000,HTTPS,1小时,2020/4/29 17:20
117.88.176.214,3000,HTTPS,20分钟,2020/4/29 14:20
182.138.119.173,8118,HTTPS,1分钟,2020/4/29 14:00
222.95.144.164,3000,HTTPS,82天,2020/4/29 13:20
222.95.144.238,3000,HTTPS,19小时,2020/4/29 12:21
115.223.2.114,80,HTTP,12小时,2020/4/29 11:21
124.156.98.172,80,HTTP,49天,2020/4/29 10:20
122.51.231.113,8080,HTTPS,19小时,2020/4/29 10:20
121.237.149.65,3000,HTTP,1分钟,2020/4/29 10:20
117.88.177.218,3000,HTTPS,1分钟,2020/4/29 10:00
117.88.177.159,3000,HTTP,145天,2020/4/29 9:00
117.88.5.237,3000,HTTPS,1分钟,2020/4/29 9:00
117.158.65.216,46697,HTTPS,1分钟,2020/4/29 8:00
58.211.134.98,31744,HTTP,324天,2020/4/29 7:20
210.5.10.87,53281,HTTPS,497天,2020/4/29 6:00
101.132.123.99,8080,HTTP,4天,2020/4/29 2:20
39.137.69.8,80,HTTP,20天,2020/4/29 0:20
122.246.88.198,8118,HTTP,1分钟,2020/4/29 0:20
222.95.144.60,3000,HTTPS,59天,2020/4/29 0:00
121.237.149.117,3000,HTTP,52天,2020/4/28 23:20
117.88.176.45,3000,HTTPS,134天,2020/4/28 23:20
121.237.149.157,3000,HTTP,33天,2020/4/28 23:00
113.194.31.203,9999,HTTPS,1分钟,2020/4/28 23:00
222.95.144.209,3000,HTTP,53天,2020/4/28 22:21
222.95.144.252,3000,HTTPS,20分钟,2020/4/28 22:20
121.237.148.74,3000,HTTPS,145天,2020/4/28 22:20
120.24.83.5,3128,HTTP,1分钟,2020/4/28 22:20
58.213.26.22,3000,HTTPS,20分钟,2020/4/28 22:20
60.168.207.119,1133,HTTP,1分钟,2020/4/28 22:20
117.88.5.239,3000,HTTP,29天,2020/4/28 21:21
117.88.177.107,3000,HTTPS,169天,2020/4/28 21:21
117.88.176.245,3000,HTTP,148天,2020/4/28 20:20
117.88.177.67,3000,HTTP,53天,2020/4/28 20:00
120.83.108.115,9999,HTTP,340天,2020/4/28 19:20
218.14.108.53,8060,HTTP,59天,2020/4/28 18:21
121.237.149.188,3000,HTTP,35天,2020/4/28 17:21
117.88.177.160,3000,HTTPS,120天,2020/4/28 17:00
115.196.195.120,8060,HTTP,1分钟,2020/4/28 16:21
117.88.177.32,3000,HTTPS,2小时,2020/4/28 16:20
101.132.190.101,80,HTTP,24天,2020/4/28 15:21
117.88.176.170,3000,HTTP,51天,2020/4/28 15:00
117.88.176.42,3000,HTTPS,45天,2020/4/28 15:00
117.88.176.134,3000,HTTP,60天,2020/4/28 14:21
222.95.144.87,3000,HTTP,33天,2020/4/28 14:20
27.184.123.176,8118,HTTP,1小时,2020/4/28 14:20
121.237.148.193,3000,HTTP,13小时,2020/4/28 14:00
219.143.207.45,800,HTTP,1分钟,2020/4/28 13:21
106.15.126.137,8080,HTTPS,1分钟,2020/4/28 13:00
182.96.158.55,8118,HTTPS,1分钟,2020/4/28 13:00
114.104.17.178,10098,HTTPS,1分钟,2020/4/28 13:00
115.204.198.148,8118,HTTP,7天,2020/4/28 12:20
121.8.146.99,8060,HTTP,60天,2020/4/28 12:20
117.88.177.93,3000,HTTPS,165天,2020/4/28 12:20
111.76.168.201,8118,HTTP,1分钟,2020/4/28 11:21
221.182.89.234,63000,HTTP,1分钟,2020/4/28 11:20
117.88.176.229,3000,HTTPS,68天,2020/4/28 11:20
60.184.196.213,8888,HTTPS,1分钟,2020/4/28 10:00
183.166.171.252,61234,HTTP,234天,2020/4/28 8:20
125.40.11.183,8118,HTTPS,787天,2020/4/28 5:20
175.148.77.47,1133,HTTPS,521天,2020/4/28 0:00
222.95.144.68,3000,HTTPS,40天,2020/4/27 22:00
175.148.78.181,1133,HTTPS,686天,2020/4/27 21:00
117.88.4.91,3000,HTTP,60天,2020/4/27 20:20
121.237.148.211,3000,HTTPS,1分钟,2020/4/27 20:00
222.95.144.189,3000,HTTP,58天,2020/4/27 20:00
121.237.148.155,3000,HTTPS,1分钟,2020/4/27 18:00
117.88.5.197,3000,HTTP,58天,2020/4/27 16:20
115.221.240.171,9999,HTTPS,1分钟,2020/4/27 16:00
117.88.5.241,3000,HTTPS,26天,2020/4/27 16:00
117.88.177.86,3000,HTTP,58天,2020/4/27 16:00
171.35.163.6,9999,HTTP,1分钟,2020/4/27 15:20
114.99.0.211,808,HTTPS,1076天,2020/4/27 15:20
113.195.171.75,9999,HTTP,1分钟,2020/4/27 15:20
222.95.144.121,3000,HTTP,37天,2020/4/27 15:00
117.88.5.116,3000,HTTPS,80天,2020/4/27 15:00
118.24.118.207,808,HTTPS,1分钟,2020/4/27 14:00
112.192.34.47,1133,HTTP,14天,2020/4/27 14:00
171.35.166.86,9999,HTTPS,1分钟,2020/4/27 11:00
110.243.8.26,9999,HTTPS,1分钟,2020/4/27 11:00
60.217.129.63,8060,HTTP,1分钟,2020/4/27 9:21
139.196.193.85,8080,HTTPS,3天,2020/4/27 8:20
123.171.5.124,8118,HTTP,1分钟,2020/4/27 5:20
175.148.71.139,1133,HTTP,685天,2020/4/27 4:20
114.223.208.165,8118,HTTP,9天,2020/4/27 3:20
114.226.35.175,8118,HTTPS,1分钟,2020/4/27 2:00
175.148.69.176,1133,HTTP,1分钟,2020/4/27 1:21
175.43.35.39,9999,HTTPS,1分钟,2020/4/27 0:01
114.226.160.141,9999,HTTPS,1分钟,2020/4/27 0:00
113.195.225.130,9999,HTTP,1分钟,2020/4/26 23:20
182.61.12.214,8888,HTTP,1小时,2020/4/26 20:00
113.194.30.80,9999,HTTP,1分钟,2020/4/26 19:20
183.166.170.208,8888,HTTP,1分钟,2020/4/26 19:20
117.88.5.253,3000,HTTP,42天,2020/4/26 19:00
60.31.213.115,808,HTTPS,12天,2020/4/26 16:00
171.35.147.251,9999,HTTP,1分钟,2020/4/26 15:20
144.123.70.205,10086,HTTPS,1分钟,2020/4/26 14:00
121.237.148.106,3000,HTTP,37天,2020/4/26 13:00
117.88.5.246,3000,HTTP,113天,2020/4/26 12:20
110.243.10.182,9999,HTTPS,1分钟,2020/4/26 11:01
49.70.18.179,61234,HTTPS,667天,2020/4/26 10:20
121.237.149.66,3000,HTTP,58天,2020/4/26 7:00
60.167.112.199,1133,HTTP,1分钟,2020/4/26 6:20
121.237.148.101,3000,HTTP,68天,2020/4/26 6:00
221.193.94.18,8118,HTTPS,4天,2020/4/26 3:00
121.237.148.183,3000,HTTPS,29天,2020/4/26 0:20
171.11.33.58,9999,HTTPS,1分钟,2020/4/26 0:00
113.194.28.11,9999,HTTP,137天,2020/4/25 22:00
113.195.168.115,48888,HTTP,851天,2020/4/25 21:01
118.113.247.115,9999,HTTP,1分钟,2020/4/25 20:20
60.167.112.236,1133,HTTP,1分钟,2020/4/25 19:20
117.88.177.101,3000,HTTPS,1分钟,2020/4/25 18:00
183.166.136.144,8888,HTTP,1分钟,2020/4/25 17:20
27.208.231.100,8060,HTTP,1天,2020/4/25 16:21
123.169.99.177,9999,HTTP,1分钟,2020/4/25 16:20
119.4.13.26,1133,HTTPS,545天,2020/4/25 13:21
58.253.158.177,9999,HTTP,1分钟,2020/4/25 13:20
112.84.73.53,9999,HTTP,1分钟,2020/4/25 12:21
221.237.37.137,8118,HTTP,1分钟,2020/4/25 12:20
117.45.139.84,9006,HTTPS,15天,2020/4/25 12:00
171.35.86.72,8118,HTTPS,1分钟,2020/4/25 11:00
49.235.246.24,8118,HTTP,58天,2020/4/25 10:20
60.188.65.73,3000,HTTP,6小时,2020/4/25 7:00
175.148.69.26,1133,HTTP,1分钟,2020/4/25 1:20
183.166.103.164,9999,HTTPS,1分钟,2020/4/25 1:00
113.195.225.68,9999,HTTP,1分钟,2020/4/24 23:20
117.88.176.123,3000,HTTPS,48天,2020/4/24 21:20
175.148.68.175,1133,HTTP,562天,2020/4/24 21:20
171.35.163.132,9999,HTTPS,1分钟,2020/4/24 21:00
117.88.177.24,3000,HTTP,102天,2020/4/24 20:00
121.237.148.135,3000,HTTP,1分钟,2020/4/24 19:20
121.237.149.220,3000,HTTP,1分钟,2020/4/24 19:20
110.243.5.40,9999,HTTP,1分钟,2020/4/24 16:20
122.4.40.194,27430,HTTPS,936天,2020/4/24 14:20
115.49.74.102,8118,HTTPS,1分钟,2020/4/24 12:00
101.200.81.61,80,HTTP,13小时,2020/4/24 11:00
49.76.237.243,8123,HTTPS,1小时,2020/4/24 11:00
117.88.176.221,3000,HTTPS,142天,2020/4/24 10:00
113.77.101.202,8118,HTTP,1分钟,2020/4/24 8:20
124.239.216.14,8060,HTTP,47天,2020/4/24 7:21
115.219.168.69,8118,HTTP,2天,2020/4/24 6:20
117.88.176.162,3000,HTTPS,56天,2020/4/24 1:20
117.88.177.143,3000,HTTP,1分钟,2020/4/24 1:20
117.88.176.194,3000,HTTP,1分钟,2020/4/24 1:20
27.188.65.244,8060,HTTP,54天,2020/4/23 21:21
115.46.116.170,8123,HTTP,1分钟,2020/4/23 20:20
121.237.149.63,3000,HTTP,1分钟,2020/4/23 18:20
117.88.176.55,3000,HTTP,49天,2020/4/23 18:00
119.180.173.81,8060,HTTP,1分钟,2020/4/23 17:21
222.95.144.202,3000,HTTPS,1分钟,2020/4/23 17:00
114.104.134.142,8888,HTTPS,1分钟,2020/4/23 14:00
121.237.149.218,3000,HTTP,1分钟,2020/4/23 12:20
27.184.157.205,8118,HTTPS,1分钟,2020/4/23 10:00
117.62.172.230,8118,HTTP,1分钟,2020/4/23 2:21
121.237.149.206,3000,HTTPS,27天,2020/4/22 23:20
220.173.143.242,808,HTTP,59天,2020/4/22 23:20
1.197.203.247,9999,HTTPS,1分钟,2020/4/22 23:00
171.35.172.5,9999,HTTPS,1分钟,2020/4/22 21:00
118.114.96.78,8118,HTTP,1分钟,2020/4/22 20:20
117.88.5.40,3000,HTTP,1分钟,2020/4/22 18:20
125.123.19.197,8118,HTTPS,2天,2020/4/22 17:20
182.32.234.18,9999,HTTP,1分钟,2020/4/22 16:20
171.35.167.220,9999,HTTP,1分钟,2020/4/22 16:20
171.35.167.224,9999,HTTP,1分钟,2020/4/22 16:20
123.168.136.2,9999,HTTP,1分钟,2020/4/22 15:20
113.194.49.94,9999,HTTP,1分钟,2020/4/22 15:20
123.206.54.52,8118,HTTP,298天,2020/4/22 11:21
27.184.141.239,8118,HTTP,1分钟,2020/4/22 11:20
121.237.149.107,3000,HTTP,1分钟,2020/4/22 9:20
180.117.98.96,8118,HTTP,1分钟,2020/4/22 8:21
222.190.125.3,8118,HTTP,13天,2020/4/22 3:20
175.148.69.90,1133,HTTPS,561天,2020/4/22 1:20
118.78.196.186,8118,HTTPS,42天,2020/4/21 23:20
222.95.144.59,3000,HTTPS,1分钟,2020/4/21 23:00
121.237.149.136,3000,HTTPS,89天,2020/4/21 22:20
117.88.5.250,3000,HTTP,65天,2020/4/21 21:20
171.35.168.177,9999,HTTP,1分钟,2020/4/21 21:20
223.241.118.200,8010,HTTPS,852天,2020/4/21 19:21
180.117.234.56,8118,HTTPS,733天,2020/4/21 18:00
117.88.176.93,3000,HTTP,1分钟,2020/4/21 17:20
123.171.5.132,8118,HTTP,3天,2020/4/21 17:00
119.129.203.140,8118,HTTPS,1天,2020/4/21 16:20
117.88.4.12,3000,HTTP,1分钟,2020/4/21 15:20
117.88.177.153,3000,HTTPS,147天,2020/4/21 13:20
115.219.104.68,8010,HTTPS,728天,2020/4/21 13:20
60.188.77.31,3000,HTTPS,1天,2020/4/21 12:20
117.88.4.132,3000,HTTP,35天,2020/4/21 11:20
115.46.102.33,8123,HTTPS,1分钟,2020/4/21 11:00
183.147.225.74,8118,HTTPS,1天,2020/4/21 10:00
118.25.10.200,8080,HTTPS,8天,2020/4/21 6:00
122.4.44.124,8010,HTTPS,638天,2020/4/21 5:20
115.223.124.35,8010,HTTP,1分钟,2020/4/21 4:20
115.223.122.190,8010,HTTPS,1分钟,2020/4/21 4:00
115.219.106.175,8010,HTTP,1分钟,2020/4/21 3:20
117.64.237.165,1133,HTTP,1分钟,2020/4/20 21:20
112.16.217.191,808,HTTPS,3天,2020/4/20 19:40
183.23.72.51,808,HTTP,1分钟,2020/4/20 18:20
183.166.136.49,8888,HTTP,1分钟,2020/4/20 18:20
117.88.4.85,3000,HTTP,19天,2020/4/20 18:20
106.110.65.16,8118,HTTPS,1分钟,2020/4/20 18:00
117.88.5.135,3000,HTTP,1分钟,2020/4/20 17:20
118.212.105.23,9999,HTTPS,1分钟,2020/4/20 17:00
27.184.125.7,8118,HTTPS,1分钟,2020/4/20 17:00
113.120.146.230,9999,HTTP,1分钟,2020/4/20 15:20
27.184.131.165,8118,HTTP,1分钟,2020/4/20 12:20
115.219.108.246,8010,HTTP,625天,2020/4/20 11:20
183.128.222.20,8118,HTTPS,1分钟,2020/4/20 11:00
117.45.139.179,9006,HTTPS,16天,2020/4/20 9:21
117.88.177.66,3000,HTTP,33天,2020/4/20 9:20
117.88.4.124,3000,HTTPS,1分钟,2020/4/20 9:00
182.46.115.68,9999,HTTP,1分钟,2020/4/20 8:20
117.68.190.21,8118,HTTP,1分钟,2020/4/20 5:20
121.237.149.82,3000,HTTPS,34天,2020/4/20 3:00
140.250.197.132,9999,HTTPS,1分钟,2020/4/20 0:01
171.11.29.168,9999,HTTPS,1分钟,2020/4/20 0:00
115.223.85.231,8010,HTTP,717天,2020/4/19 21:00
42.59.84.145,1133,HTTPS,712天,2020/4/19 21:00
171.35.169.59,9999,HTTPS,1分钟,2020/4/19 20:00
106.14.63.49,8080,HTTP,1分钟,2020/4/19 18:20
114.239.151.244,808,HTTPS,1042天,2020/4/19 18:00
123.168.160.60,9999,HTTPS,1分钟,2020/4/19 16:00
115.219.111.105,8010,HTTPS,604天,2020/4/19 15:00
115.223.82.100,8010,HTTPS,523天,2020/4/19 15:00
222.190.125.4,8118,HTTPS,8天,2020/4/19 14:00
60.205.188.24,3128,HTTP,52天,2020/4/19 13:21
163.204.244.81,9999,HTTPS,326天,2020/4/19 13:01
223.96.95.229,3128,HTTP,18小时,2020/4/19 11:40
118.212.104.216,9999,HTTP,1分钟,2020/4/19 9:20
115.219.109.169,8010,HTTP,1分钟,2020/4/19 5:20
223.241.117.0,8010,HTTPS,882天,2020/4/19 5:00
117.92.150.192,9999,HTTP,1分钟,2020/4/19 3:20
118.112.194.103,9999,HTTPS,1分钟,2020/4/19 2:00
118.112.194.127,9999,HTTPS,1分钟,2020/4/19 0:00
27.184.245.4,8118,HTTPS,1分钟,2020/4/18 22:00
115.223.89.158,8010,HTTPS,1分钟,2020/4/18 21:00
117.88.4.167,3000,HTTPS,49天,2020/4/18 19:20
115.223.103.118,8010,HTTP,1分钟,2020/4/18 18:20
122.241.17.180,60004,HTTPS,1分钟,2020/4/18 17:00
121.237.148.247,3000,HTTPS,1分钟,2020/4/18 17:00
123.169.97.205,9999,HTTP,1分钟,2020/4/18 14:21
121.237.149.232,3000,HTTP,35天,2020/4/18 14:00
171.35.168.208,9999,HTTP,1分钟,2020/4/18 11:20
182.46.111.190,9999,HTTP,1分钟,2020/4/18 11:20
120.83.96.70,9999,HTTP,1分钟,2020/4/18 11:20
122.234.168.250,8060,HTTP,1分钟,2020/4/18 10:21
113.194.28.148,9999,HTTP,1分钟,2020/4/18 10:21
223.241.79.119,8010,HTTPS,859天,2020/4/18 10:20
113.195.225.225,9999,HTTP,1分钟,2020/4/18 6:20
223.241.116.161,8010,HTTPS,889天,2020/4/18 4:20
58.56.149.198,53281,HTTPS,944天,2020/4/18 3:00
115.219.105.229,8010,HTTP,31天,2020/4/18 1:00
117.45.139.249,9006,HTTPS,1分钟,2020/4/18 0:00
171.35.221.57,9999,HTTPS,1分钟,2020/4/17 23:00
121.237.148.82,3000,HTTP,35天,2020/4/17 21:20
122.241.32.63,60004,HTTPS,1分钟,2020/4/17 21:00
110.73.41.80,8123,HTTPS,689天,2020/4/17 20:21
120.79.61.114,80,HTTPS,1分钟,2020/4/17 20:00
122.241.17.172,60004,HTTP,1分钟,2020/4/17 19:21
122.241.34.188,60004,HTTP,1分钟,2020/4/17 19:21
222.95.144.23,3000,HTTPS,1分钟,2020/4/17 19:00
122.241.32.159,60004,HTTPS,1分钟,2020/4/17 19:00
121.237.148.16,3000,HTTP,109天,2020/4/17 18:21
223.241.119.244,8010,HTTPS,880天,2020/4/17 17:21
171.35.223.170,9999,HTTPS,1分钟,2020/4/17 17:00
121.237.149.50,3000,HTTP,42天,2020/4/17 16:20
144.52.243.32,9999,HTTPS,1分钟,2020/4/17 16:00
121.237.149.130,3000,HTTPS,49天,2020/4/17 16:00
110.243.9.72,9999,HTTPS,1分钟,2020/4/17 15:00
223.241.117.118,18118,HTTPS,719天,2020/4/17 13:20
125.126.122.44,60004,HTTP,1分钟,2020/4/17 13:20
117.88.176.188,3000,HTTP,117天,2020/4/17 11:20
121.237.149.108,3000,HTTPS,35天,2020/4/17 11:20
117.88.177.244,3000,HTTP,47天,2020/4/17 11:00
114.104.135.251,8888,HTTP,1分钟,2020/4/17 10:20
223.241.117.210,8010,HTTP,812天,2020/4/17 10:20
125.126.117.30,60004,HTTPS,1分钟,2020/4/17 10:00
125.126.109.112,60004,HTTPS,1分钟,2020/4/17 10:00
125.126.113.184,60004,HTTPS,1分钟,2020/4/17 10:00
115.219.105.158,8010,HTTP,1分钟,2020/4/17 9:21
150.138.106.174,80,HTTP,1分钟,2020/4/17 7:20
115.219.107.158,8010,HTTPS,1分钟,2020/4/17 7:00
118.114.164.174,8118,HTTP,4天,2020/4/17 6:20
125.126.98.137,60004,HTTPS,20分钟,2020/4/17 4:20
125.126.107.48,60004,HTTPS,20分钟,2020/4/17 3:20
125.126.114.7,60004,HTTP,1分钟,2020/4/17 3:20
125.126.114.247,60004,HTTPS,1分钟,2020/4/17 3:00
115.223.64.38,8010,HTTPS,610天,2020/4/17 3:00
115.223.109.167,8010,HTTP,1分钟,2020/4/17 0:20
115.223.96.231,8010,HTTP,628天,2020/4/16 23:20
171.35.168.113,9999,HTTPS,1分钟,2020/4/16 22:00
114.239.211.175,61234,HTTP,648天,2020/4/16 22:00
27.43.188.66,9999,HTTP,1分钟,2020/4/16 21:20
117.88.4.162,3000,HTTPS,136天,2020/4/16 21:20
110.73.47.126,8123,HTTP,1611天,2020/4/16 21:20
171.35.173.121,9999,HTTP,105天,2020/4/16 19:21
115.223.94.243,8010,HTTP,1分钟,2020/4/16 17:20
222.95.144.181,3000,HTTP,20天,2020/4/16 15:20
222.95.241.80,3000,HTTP,1分钟,2020/4/16 15:20
223.241.117.132,18118,HTTP,735天,2020/4/16 15:20
117.88.5.19,3000,HTTP,19天,2020/4/16 15:01
223.241.116.201,18118,HTTPS,703天,2020/4/16 14:20
110.73.0.113,8123,HTTP,1594天,2020/4/16 14:20
117.88.4.242,3000,HTTPS,1分钟,2020/4/16 14:00
115.219.105.8,8010,HTTPS,1分钟,2020/4/16 13:00
171.35.170.144,9999,HTTPS,130天,2020/4/16 12:00
115.219.109.194,8010,HTTPS,567天,2020/4/16 11:00
120.39.216.129,808,HTTPS,21小时,2020/4/16 10:00
115.223.68.95,8010,HTTPS,1分钟,2020/4/16 9:00
115.219.104.57,8010,HTTP,255天,2020/4/16 8:00
115.223.88.91,8010,HTTP,4天,2020/4/16 7:20
121.237.149.165,3000,HTTP,46天,2020/4/16 7:00
222.95.144.204,3000,HTTPS,1分钟,2020/4/16 6:00
175.148.79.80,1133,HTTPS,1分钟,2020/4/16 2:00
115.219.104.254,8010,HTTPS,626天,2020/4/16 1:20
117.68.190.162,8118,HTTP,1分钟,2020/4/16 1:20
163.204.244.185,9999,HTTPS,1分钟,2020/4/16 0:00
113.194.31.60,9999,HTTP,1分钟,2020/4/15 22:20
182.92.220.212,8080,HTTPS,38天,2020/4/15 22:00
117.88.4.160,3000,HTTPS,55天,2020/4/15 20:20
222.95.144.61,3000,HTTPS,19天,2020/4/15 20:20
117.88.4.253,3000,HTTPS,30天,2020/4/15 20:20
123.169.101.123,9999,HTTP,1分钟,2020/4/15 19:20
115.223.108.111,8010,HTTP,1分钟,2020/4/15 19:20
58.253.157.142,9999,HTTP,143天,2020/4/15 18:00
110.243.3.241,9999,HTTPS,1分钟,2020/4/15 17:00
60.173.241.77,8060,HTTP,1分钟,2020/4/15 16:21
118.113.245.40,9999,HTTP,1分钟,2020/4/15 14:21
113.124.92.200,9999,HTTP,1分钟,2020/4/15 13:20
118.114.194.229,8118,HTTP,1分钟,2020/4/15 10:20
117.88.4.23,3000,HTTPS,62天,2020/4/15 10:00
117.88.177.76,3000,HTTPS,30天,2020/4/15 10:00
140.250.197.186,9999,HTTP,1分钟,2020/4/15 5:20
182.46.198.250,9999,HTTP,1分钟,2020/4/15 5:20
115.223.87.86,8010,HTTP,620天,2020/4/15 4:20
171.13.103.99,9999,HTTP,1分钟,2020/4/15 2:20
223.241.79.23,8010,HTTPS,857天,2020/4/15 2:00
115.223.75.68,8010,HTTPS,1分钟,2020/4/15 1:00
223.241.78.174,8010,HTTPS,868天,2020/4/15 1:00
163.204.241.202,9999,HTTP,1分钟,2020/4/14 23:20
115.223.82.187,8010,HTTP,1分钟,2020/4/14 22:20
119.180.139.188,8060,HTTP,1分钟,2020/4/14 20:21
112.250.214.46,28803,HTTPS,1分钟,2020/4/14 20:00
223.241.119.91,8010,HTTPS,882天,2020/4/14 19:21
119.41.204.210,53281,HTTPS,1分钟,2020/4/14 19:00
117.88.176.135,3000,HTTP,47天,2020/4/14 13:00
117.88.177.25,3000,HTTP,132天,2020/4/14 9:00
114.104.134.151,8888,HTTP,1分钟,2020/4/14 8:20
121.36.145.161,8080,HTTP,1天,2020/4/14 7:21
182.32.234.37,9999,HTTP,1分钟,2020/4/14 7:20
121.36.108.128,8080,HTTP,1分钟,2020/4/14 6:21
118.250.1.99,8060,HTTP,1分钟,2020/4/14 5:20
122.4.43.149,808,HTTP,1分钟,2020/4/14 4:20
60.167.113.59,8010,HTTP,1分钟,2020/4/14 4:20
182.92.113.148,8118,HTTP,607天,2020/4/14 2:21
115.223.84.57,8010,HTTPS,1分钟,2020/4/14 2:00
121.239.202.171,8010,HTTPS,1分钟,2020/4/14 1:00
115.223.117.217,8010,HTTP,1分钟,2020/4/13 23:20
60.167.82.44,1133,HTTP,1分钟,2020/4/13 23:20
115.223.109.209,8010,HTTPS,1分钟,2020/4/13 22:00
115.223.96.66,8010,HTTP,1分钟,2020/4/13 20:21
121.237.148.192,3000,HTTP,11天,2020/4/13 19:00
120.78.168.189,8118,HTTP,39天,2020/4/13 18:21
222.95.144.33,3000,HTTPS,46天,2020/4/13 18:20
121.237.149.69,3000,HTTP,23天,2020/4/13 18:20
119.179.132.23,8060,HTTP,1分钟,2020/4/13 17:21
115.219.105.100,8010,HTTPS,623天,2020/4/13 16:00
140.143.53.70,8118,HTTP,19天,2020/4/13 15:20
111.230.228.246,8118,HTTP,170天,2020/4/13 14:00
115.223.98.186,8010,HTTPS,1分钟,2020/4/13 13:00
115.223.115.41,8010,HTTPS,511天,2020/4/13 12:00
223.241.119.235,8010,HTTPS,851天,2020/4/13 12:00
120.234.138.99,53779,HTTP,1分钟,2020/4/13 9:21
115.223.86.191,8010,HTTP,1分钟,2020/4/13 9:20
125.73.220.18,31036,HTTPS,565天,2020/4/13 8:00
180.97.193.215,808,HTTPS,1分钟,2020/4/13 8:00
124.89.2.250,63000,HTTPS,678天,2020/4/13 7:20
183.166.21.39,9999,HTTP,1分钟,2020/4/13 2:20
113.121.165.75,8010,HTTPS,1分钟,2020/4/13 2:00
175.165.129.245,1133,HTTP,1分钟,2020/4/13 1:20
110.73.45.159,8123,HTTP,1分钟,2020/4/12 23:21
223.241.118.244,8010,HTTPS,918天,2020/4/12 23:00
113.194.29.197,9999,HTTP,1分钟,2020/4/12 22:20
115.219.107.61,8010,HTTPS,652天,2020/4/12 22:00
117.88.177.109,3000,HTTPS,115天,2020/4/12 18:20
223.241.79.172,8010,HTTPS,882天,2020/4/12 18:20
117.88.4.231,3000,HTTP,103天,2020/4/12 18:00
117.88.176.166,3000,HTTPS,54天,2020/4/12 18:00
223.241.119.227,8010,HTTPS,833天,2020/4/12 17:00
120.236.130.132,8060,HTTP,1分钟,2020/4/12 15:21
112.250.214.235,28803,HTTP,1分钟,2020/4/12 15:20
123.171.5.150,8118,HTTP,1分钟,2020/4/12 15:20
117.88.177.227,3000,HTTP,58天,2020/4/12 15:00
115.223.99.151,8010,HTTPS,642天,2020/4/12 14:21
218.64.210.211,8060,HTTP,1分钟,2020/4/12 11:21
112.84.48.103,9999,HTTPS,1分钟,2020/4/12 11:00
106.122.205.38,8118,HTTP,1分钟,2020/4/12 10:20
223.241.117.94,18118,HTTPS,698天,2020/4/12 7:00
115.223.121.14,8010,HTTPS,1分钟,2020/4/12 6:00
1.85.5.66,8060,HTTP,21天,2020/4/12 4:21
223.240.208.129,8010,HTTP,480天,2020/4/12 4:21
60.217.157.133,8060,HTTP,1分钟,2020/4/12 2:20
175.148.75.109,1133,HTTPS,588天,2020/4/12 2:00
60.167.82.51,1133,HTTP,1分钟,2020/4/12 1:20
117.88.177.91,3000,HTTP,27天,2020/4/12 0:20
113.109.213.148,8118,HTTP,1分钟,2020/4/11 22:20
121.237.149.96,3000,HTTPS,20分钟,2020/4/11 20:21
121.237.148.228,3000,HTTPS,29天,2020/4/11 19:20
122.5.107.244,9999,HTTPS,1分钟,2020/4/11 19:00
121.237.149.234,3000,HTTPS,43天,2020/4/11 17:00
115.223.72.112,8010,HTTPS,670天,2020/4/11 16:20
223.241.116.231,8010,HTTPS,878天,2020/4/11 16:20
115.223.121.130,8010,HTTP,1分钟,2020/4/11 12:21
110.167.30.50,8060,HTTP,41天,2020/4/11 6:21
115.219.104.83,8010,HTTP,572天,2020/4/11 6:00
115.219.111.73,8010,HTTPS,470天,2020/4/11 6:00
115.219.106.81,8010,HTTPS,738天,2020/4/11 1:20
115.223.109.254,8010,HTTPS,1分钟,2020/4/11 0:00
113.194.29.81,9999,HTTP,1分钟,2020/4/10 23:20
114.99.9.163,1133,HTTP,1分钟,2020/4/10 23:20
183.23.75.201,808,HTTPS,10小时,2020/4/10 18:20
117.88.5.121,3000,HTTPS,50天,2020/4/10 18:00
110.243.5.132,9999,HTTP,1分钟,2020/4/10 15:20
117.88.176.46,3000,HTTP,20天,2020/4/10 15:20
117.88.176.216,3000,HTTP,32天,2020/4/10 14:00
121.237.149.230,3000,HTTP,21天,2020/4/10 12:20
115.219.171.35,8118,HTTPS,1分钟,2020/4/10 12:01
60.184.173.236,808,HTTPS,1062天,2020/4/10 11:21
118.25.129.159,8888,HTTP,8天,2020/4/10 11:21
113.24.159.214,8118,HTTPS,1分钟,2020/4/10 11:00
115.223.81.6,8010,HTTPS,1分钟,2020/4/10 10:00
117.80.152.251,8010,HTTPS,1分钟,2020/4/10 10:00
222.85.39.8,808,HTTPS,1074天,2020/4/10 10:00
113.194.49.219,9999,HTTP,1分钟,2020/4/10 7:20
223.240.208.210,8010,HTTPS,906天,2020/4/10 7:00
117.88.176.109,3000,HTTPS,1分钟,2020/4/10 6:00
115.223.92.54,8010,HTTPS,1分钟,2020/4/10 6:00
117.88.4.96,3000,HTTP,1分钟,2020/4/10 4:20
171.35.223.121,9999,HTTP,1分钟,2020/4/10 0:21
117.90.7.153,8010,HTTP,1分钟,2020/4/10 0:20
121.224.107.70,8010,HTTP,1分钟,2020/4/10 0:20
220.176.33.249,9999,HTTP,1分钟,2020/4/10 0:20
223.199.18.157,9999,HTTPS,1分钟,2020/4/10 0:00
115.223.64.64,8010,HTTPS,568天,2020/4/10 0:00
110.73.5.93,8123,HTTP,1560天,2020/4/9 23:00
49.75.189.60,8010,HTTP,1分钟,2020/4/9 20:20
115.219.111.140,8010,HTTP,1分钟,2020/4/9 20:20
222.95.144.65,3000,HTTP,10天,2020/4/9 20:00
115.223.127.186,8010,HTTP,1分钟,2020/4/9 19:20
223.241.119.51,8010,HTTP,289天,2020/4/9 19:00
114.239.144.61,808,HTTPS,1008天,2020/4/9 17:20
117.88.177.28,3000,HTTP,127天,2020/4/9 16:21
121.237.148.153,3000,HTTP,1分钟,2020/4/9 15:20
117.88.176.91,3000,HTTPS,40天,2020/4/9 15:20
223.241.118.45,8010,HTTP,863天,2020/4/9 15:00
117.88.176.5,3000,HTTPS,53天,2020/4/9 14:20
115.223.91.120,8010,HTTP,680天,2020/4/9 14:00
117.88.177.162,3000,HTTPS,1分钟,2020/4/9 14:00
121.237.149.113,3000,HTTP,35天,2020/4/9 13:20
117.88.176.2,3000,HTTP,1分钟,2020/4/9 13:20
117.88.176.119,3000,HTTPS,152天,2020/4/9 11:00
39.137.107.98,80,HTTP,17小时,2020/4/9 10:21
39.137.69.10,80,HTTP,18小时,2020/4/9 10:21
144.52.244.46,9999,HTTP,1分钟,2020/4/9 10:20
117.88.4.151,3000,HTTPS,7天,2020/4/9 10:00
117.88.176.173,3000,HTTP,20天,2020/4/9 10:00
117.88.5.29,3000,HTTP,110天,2020/4/9 10:00
117.88.5.227,3000,HTTPS,125天,2020/4/9 10:00
223.241.78.33,8010,HTTPS,872天,2020/4/9 8:20
119.41.236.180,8010,HTTP,47天,2020/4/9 7:21
223.241.119.149,8010,HTTPS,1分钟,2020/4/9 5:00
117.88.176.110,3000,HTTPS,151天,2020/4/9 2:21
182.111.199.224,8118,HTTPS,1分钟,2020/4/9 1:00
115.223.114.224,8010,HTTPS,562天,2020/4/9 1:00
114.226.160.229,9999,HTTPS,1分钟,2020/4/9 1:00
171.13.103.151,9999,HTTPS,1分钟,2020/4/9 0:00
221.206.100.133,34073,HTTPS,564天,2020/4/9 0:00
60.168.80.79,18118,HTTPS,702天,2020/4/8 18:20
39.137.69.9,80,HTTP,1小时,2020/4/8 16:20
116.114.19.211,443,HTTP,46天,2020/4/8 16:20
121.31.102.146,8123,HTTPS,959天,2020/4/8 16:20
223.241.119.147,8010,HTTPS,865天,2020/4/8 16:20
117.88.177.5,3000,HTTPS,20分钟,2020/4/8 14:21
116.114.19.204,443,HTTP,41天,2020/4/8 14:20
110.73.9.153,8123,HTTP,1511天,2020/4/8 11:00
115.223.65.36,8010,HTTP,1分钟,2020/4/8 9:20
221.193.50.166,8118,HTTP,13小时,2020/4/8 8:20
117.68.192.235,8010,HTTPS,557天,2020/4/8 6:00
110.73.11.171,8123,HTTPS,1064天,2020/4/8 3:00
117.88.176.165,3000,HTTPS,32天,2020/4/8 1:20
119.39.68.33,8118,HTTPS,1分钟,2020/4/8 1:00
119.41.192.134,53281,HTTP,1分钟,2020/4/7 23:20
183.147.230.104,8118,HTTP,1分钟,2020/4/7 18:21
115.159.154.79,1080,HTTP,32天,2020/4/7 16:20
115.223.110.227,8010,HTTPS,1分钟,2020/4/7 16:00
183.166.171.62,8888,HTTPS,1分钟,2020/4/7 10:00
114.239.127.26,61234,HTTPS,1天,2020/4/7 8:20
60.168.71.178,8118,HTTPS,1分钟,2020/4/7 8:00
27.208.186.148,8060,HTTP,1分钟,2020/4/7 7:21
117.64.234.34,8888,HTTPS,829天,2020/4/7 6:20
27.208.84.160,8060,HTTP,1分钟,2020/4/7 5:20
106.122.169.46,8118,HTTPS,1分钟,2020/4/7 5:00
121.31.103.113,8123,HTTP,874天,2020/4/7 4:21
117.88.176.68,3000,HTTP,23天,2020/4/7 1:00
110.73.10.255,8123,HTTP,1193天,2020/4/7 0:00
123.171.5.81,8118,HTTP,4天,2020/4/6 22:20
183.166.136.91,8888,HTTP,1分钟,2020/4/6 19:20
123.168.67.160,8118,HTTP,6天,2020/4/6 19:00
115.223.124.79,8010,HTTP,226天,2020/4/6 15:20
115.223.126.226,8010,HTTP,1分钟,2020/4/6 14:20
121.31.100.197,8123,HTTP,1134天,2020/4/6 13:20
117.45.139.15,9006,HTTP,132天,2020/4/6 13:20
125.123.141.203,9999,HTTPS,340天,2020/4/6 12:00
121.40.177.176,1080,HTTP,1分钟,2020/4/6 4:20
113.119.164.229,8118,HTTPS,1分钟,2020/4/6 3:00
175.8.109.13,8118,HTTPS,274天,2020/4/6 2:00
113.109.213.63,8118,HTTPS,1分钟,2020/4/6 1:00
223.241.118.63,8010,HTTPS,869天,2020/4/5 23:00
115.219.105.61,8010,HTTP,642天,2020/4/5 22:20
110.73.41.69,8123,HTTPS,924天,2020/4/5 21:00
223.241.116.177,8010,HTTPS,853天,2020/4/5 20:00
117.88.4.29,3000,HTTP,36天,2020/4/5 18:00
117.88.5.193,3000,HTTPS,1分钟,2020/4/5 16:00
223.198.0.178,8118,HTTPS,1分钟,2020/4/5 13:00
58.212.111.202,8118,HTTP,1分钟,2020/4/5 11:20
223.240.208.42,8010,HTTPS,496天,2020/4/5 9:00
117.94.213.205,8118,HTTPS,2天,2020/4/5 5:00
219.154.152.141,8118,HTTP,41天,2020/4/5 5:00
110.73.2.136,8123,HTTP,1145天,2020/4/5 4:00
115.219.104.174,8010,HTTP,1分钟,2020/4/5 2:20
124.226.110.144,8118,HTTPS,3天,2020/4/5 2:00
115.223.115.173,8010,HTTP,1分钟,2020/4/5 1:20
175.148.71.127,1133,HTTPS,1分钟,2020/4/5 0:01
121.237.149.90,3000,HTTPS,74天,2020/4/4 22:20
121.237.148.130,3000,HTTP,14天,2020/4/4 21:21
222.95.144.112,3000,HTTP,1分钟,2020/4/4 21:21
117.88.176.76,3000,HTTP,24天,2020/4/4 21:21
121.237.149.114,3000,HTTPS,71天,2020/4/4 21:20
117.88.176.77,3000,HTTP,29天,2020/4/4 21:20
117.88.177.95,3000,HTTP,14天,2020/4/4 21:20
117.88.176.222,3000,HTTP,37天,2020/4/4 21:20
121.237.149.152,3000,HTTPS,5天,2020/4/4 21:20
222.95.144.99,3000,HTTP,2天,2020/4/4 21:20
222.95.144.90,3000,HTTP,1分钟,2020/4/4 21:20
14.114.39.91,8118,HTTPS,9小时,2020/4/4 20:01
114.224.210.187,8118,HTTP,20小时,2020/4/4 19:00
118.114.165.98,8118,HTTP,11天,2020/4/4 18:21
175.8.109.70,80,HTTPS,975天,2020/4/4 18:20
175.155.100.137,1133,HTTP,1分钟,2020/4/4 15:21
49.83.184.199,8118,HTTP,1分钟,2020/4/4 15:20
117.70.197.63,61234,HTTPS,20分钟,2020/4/4 14:21
121.237.149.224,3000,HTTP,30天,2020/4/4 13:01
121.237.149.198,3000,HTTPS,75天,2020/4/4 13:01
121.237.149.241,3000,HTTP,33天,2020/4/4 13:01
117.88.177.104,3000,HTTPS,1分钟,2020/4/4 13:00
115.219.107.33,8010,HTTP,1分钟,2020/4/4 11:20
223.241.79.75,8010,HTTPS,889天,2020/4/4 8:21
115.223.95.192,8010,HTTP,1分钟,2020/4/4 5:20
115.219.107.98,8010,HTTPS,551天,2020/4/4 4:20
60.168.206.10,8888,HTTP,1分钟,2020/4/4 4:20
220.173.106.168,63000,HTTP,628天,2020/4/4 4:00
125.69.182.41,30228,HTTP,1天,2020/4/4 4:00
117.87.50.89,8118,HTTP,7天,2020/4/4 2:21
115.219.104.36,8010,HTTPS,642天,2020/4/3 23:20
125.120.221.56,8118,HTTP,1分钟,2020/4/3 21:20
117.88.5.230,3000,HTTPS,144天,2020/4/3 21:00
119.147.137.79,8008,HTTPS,145天,2020/4/3 20:00
14.118.207.178,8118,HTTPS,1分钟,2020/4/3 20:00
117.88.5.75,3000,HTTPS,147天,2020/4/3 19:00
114.104.135.159,8888,HTTP,1分钟,2020/4/3 17:20
117.88.177.0,3000,HTTP,7天,2020/4/3 14:21
115.223.108.110,8010,HTTP,1分钟,2020/4/3 14:20
117.88.5.232,3000,HTTPS,2天,2020/4/3 13:20
182.92.233.137,8118,HTTPS,623天,2020/4/3 12:20
115.223.92.231,8010,HTTP,1分钟,2020/4/3 11:20
121.237.149.187,3000,HTTP,94天,2020/4/3 8:21
222.95.144.44,3000,HTTPS,1分钟,2020/4/3 8:00
121.237.148.70,3000,HTTP,19天,2020/4/3 7:20
118.113.234.101,8118,HTTPS,1分钟,2020/4/3 5:00
121.237.149.109,3000,HTTPS,1天,2020/4/3 3:20
121.237.148.15,3000,HTTP,27天,2020/4/3 3:00
222.95.144.154,3000,HTTPS,5天,2020/4/3 3:00
222.95.144.100,3000,HTTP,1分钟,2020/4/3 2:20
121.237.148.208,3000,HTTP,20天,2020/4/3 2:00
49.234.46.87,8888,HTTP,13天,2020/4/3 1:20
117.88.176.72,3000,HTTP,1天,2020/4/3 1:20
121.237.148.2,3000,HTTP,2天,2020/4/2 23:20
110.73.2.96,8123,HTTP,1499天,2020/4/2 23:20
222.95.144.128,3000,HTTP,29天,2020/4/2 22:21
222.95.144.129,3000,HTTPS,18小时,2020/4/2 22:21
121.237.148.248,3000,HTTP,19天,2020/4/2 22:00
222.95.144.119,3000,HTTPS,44天,2020/4/2 21:20
222.95.144.200,3000,HTTPS,2小时,2020/4/2 21:20
222.95.144.195,3000,HTTP,1分钟,2020/4/2 21:20
121.237.148.115,3000,HTTP,29天,2020/4/2 21:20
121.237.149.88,3000,HTTP,38天,2020/4/2 21:20
121.237.149.16,3000,HTTP,12天,2020/4/2 21:01
112.247.169.33,8060,HTTP,1分钟,2020/4/2 20:21
121.237.149.26,3000,HTTPS,4天,2020/4/2 20:20
121.237.149.56,3000,HTTP,4天,2020/4/2 20:20
121.237.149.163,3000,HTTP,11天,2020/4/2 19:20
117.88.177.34,3000,HTTP,32天,2020/4/2 19:20
121.237.149.118,3000,HTTP,14天,2020/4/2 19:00
121.237.149.160,3000,HTTP,1天,2020/4/2 19:00
117.88.176.228,3000,HTTP,3天,2020/4/2 18:21
117.88.176.158,3000,HTTPS,34天,2020/4/2 18:20
121.237.149.73,3000,HTTP,26天,2020/4/2 18:20
222.95.144.92,3000,HTTP,7天,2020/4/2 18:00
117.88.176.250,3000,HTTPS,1分钟,2020/4/2 18:00
182.61.179.157,8888,HTTP,33天,2020/4/2 17:21
117.88.177.20,3000,HTTP,2天,2020/4/2 17:20
117.88.177.124,3000,HTTPS,41天,2020/4/2 17:20
121.237.149.102,3000,HTTPS,49天,2020/4/2 17:20
121.237.149.201,3000,HTTP,31天,2020/4/2 17:00
121.237.148.59,3000,HTTPS,53天,2020/4/2 16:00
115.223.99.148,8010,HTTPS,1分钟,2020/4/2 16:00
117.88.176.128,3000,HTTP,13天,2020/4/2 15:21
117.88.5.25,3000,HTTP,1分钟,2020/4/2 15:20
117.88.176.41,3000,HTTPS,34天,2020/4/2 15:20
117.88.4.211,3000,HTTP,51天,2020/4/2 15:20
117.88.5.160,3000,HTTPS,35天,2020/4/2 14:20
222.95.144.191,3000,HTTP,1分钟,2020/4/2 14:20
117.88.4.99,3000,HTTPS,48天,2020/4/2 14:20
117.88.4.69,3000,HTTP,1分钟,2020/4/2 14:20
117.88.177.151,3000,HTTPS,125天,2020/4/2 13:20
117.88.177.177,3000,HTTPS,114天,2020/4/2 13:20
121.237.148.209,3000,HTTP,25天,2020/4/2 13:00
122.4.54.133,1081,HTTPS,1分钟,2020/4/2 13:00
117.88.176.211,3000,HTTPS,35天,2020/4/2 12:20
110.73.2.116,8123,HTTP,1528天,2020/4/2 12:20
117.88.177.173,3000,HTTP,16天,2020/4/2 12:20
117.88.5.109,3000,HTTP,18天,2020/4/2 12:00
117.88.5.154,3000,HTTPS,1分钟,2020/4/2 12:00
117.88.176.8,3000,HTTP,141天,2020/4/2 11:20
117.88.4.61,3000,HTTP,28天,2020/4/2 11:20
121.237.149.101,3000,HTTPS,13天,2020/4/2 11:00
117.88.5.208,3000,HTTP,1天,2020/4/2 10:20
117.88.5.220,3000,HTTP,155天,2020/4/2 10:20
117.88.4.113,3000,HTTP,3天,2020/4/2 10:20
117.88.177.63,3000,HTTPS,4天,2020/4/2 10:00
27.203.208.195,8060,HTTP,1分钟,2020/4/2 8:21
114.234.150.59,8060,HTTP,1分钟,2020/4/2 7:21
121.237.148.176,3000,HTTPS,44天,2020/4/2 7:20
121.237.149.80,3000,HTTPS,1分钟,2020/4/2 7:00
115.223.64.168,8010,HTTPS,1分钟,2020/4/2 7:00
121.237.148.252,3000,HTTP,32天,2020/4/2 6:21
121.237.148.147,3000,HTTPS,1天,2020/4/2 6:20
117.88.177.205,3000,HTTP,45天,2020/4/2 6:00
121.237.148.159,3000,HTTP,94天,2020/4/2 5:21
121.237.149.216,3000,HTTP,15小时,2020/4/2 5:00
223.241.117.153,8010,HTTPS,820天,2020/4/2 5:00
121.237.148.85,3000,HTTP,6天,2020/4/2 4:20
222.95.144.206,3000,HTTPS,20天,2020/4/2 4:00
222.95.144.137,3000,HTTPS,32天,2020/4/2 4:00
117.88.177.11,3000,HTTP,16天,2020/4/2 4:00
121.237.149.248,3000,HTTPS,102天,2020/4/2 3:20
121.237.148.98,3000,HTTP,9天,2020/4/2 2:20
113.128.8.35,9999,HTTPS,100天,2020/4/2 2:20
222.95.144.17,3000,HTTPS,1分钟,2020/4/2 2:00
121.237.149.168,3000,HTTP,27天,2020/4/2 1:20
121.237.148.46,3000,HTTP,3天,2020/4/2 1:00
121.237.149.23,3000,HTTPS,5天,2020/4/2 0:20
117.88.177.219,3000,HTTPS,1分钟,2020/4/2 0:00
221.13.191.152,8118,HTTP,1分钟,2020/4/1 23:20
115.223.64.79,8010,HTTPS,1分钟,2020/4/1 23:00
222.95.144.130,3000,HTTPS,26天,2020/4/1 23:00
121.237.149.86,3000,HTTP,31天,2020/4/1 23:00
222.95.144.180,3000,HTTP,120天,2020/4/1 22:00
121.237.148.23,3000,HTTP,33天,2020/4/1 22:00
222.95.144.236,3000,HTTP,24天,2020/4/1 21:20
121.237.149.225,3000,HTTP,11天,2020/4/1 21:20
115.223.107.150,8010,HTTP,597天,2020/4/1 21:00
221.225.171.254,8118,HTTP,12小时,2020/4/1 21:00
222.95.144.57,3000,HTTPS,3小时,2020/4/1 20:21
121.237.149.60,3000,HTTP,23天,2020/4/1 20:20
121.237.148.45,3000,HTTP,1分钟,2020/4/1 20:20
121.237.148.8,3000,HTTPS,32天,2020/4/1 20:20
121.237.148.78,3000,HTTPS,16天,2020/4/1 20:20
222.95.144.115,3000,HTTPS,28天,2020/4/1 20:00
121.237.149.19,3000,HTTPS,12天,2020/4/1 20:00
121.237.149.153,3000,HTTPS,31天,2020/4/1 20:00
222.95.144.188,3000,HTTPS,1分钟,2020/4/1 20:00
116.226.153.90,8060,HTTP,1分钟,2020/4/1 19:21
60.212.198.55,8060,HTTP,1分钟,2020/4/1 19:21
175.8.109.23,8118,HTTP,1分钟,2020/4/1 19:20
117.88.177.157,3000,HTTP,112天,2020/4/1 19:20
117.88.177.121,3000,HTTPS,1分钟,2020/4/1 19:00
117.88.5.27,3000,HTTPS,145天,2020/4/1 19:00
222.95.144.27,3000,HTTP,26天,2020/4/1 19:00
117.88.177.102,3000,HTTP,127天,2020/4/1 18:00
121.237.148.173,3000,HTTPS,30天,2020/4/1 18:00
117.88.176.150,3000,HTTP,33天,2020/4/1 17:00
117.88.177.251,3000,HTTPS,27天,2020/4/1 17:00
117.88.177.59,3000,HTTPS,68天,2020/4/1 16:20
117.88.4.163,3000,HTTP,24天,2020/4/1 16:20
117.88.176.207,3000,HTTP,6天,2020/4/1 16:20
117.88.176.249,3000,HTTP,23天,2020/4/1 16:00
117.88.177.120,3000,HTTP,117天,2020/4/1 16:00
121.237.148.140,3000,HTTP,1分钟,2020/4/1 15:20
117.88.177.112,3000,HTTP,1分钟,2020/4/1 14:20
117.88.177.163,3000,HTTPS,119天,2020/4/1 14:20
117.88.177.49,3000,HTTP,1分钟,2020/4/1 14:20
222.95.144.122,3000,HTTPS,31天,2020/4/1 14:00
121.237.148.195,3000,HTTP,23天,2020/4/1 14:00
117.88.176.13,3000,HTTP,1分钟,2020/4/1 13:20
121.237.149.180,3000,HTTP,32天,2020/4/1 13:20
121.237.148.143,3000,HTTP,21天,2020/4/1 12:21
117.88.177.217,3000,HTTPS,1分钟,2020/4/1 12:00
121.237.148.189,3000,HTTP,1分钟,2020/4/1 11:20
117.88.177.149,3000,HTTPS,34天,2020/4/1 11:20
117.88.5.122,3000,HTTPS,32天,2020/4/1 11:00
60.217.142.118,8060,HTTP,1分钟,2020/4/1 10:21
183.64.178.39,8060,HTTP,4天,2020/4/1 10:21
117.88.176.7,3000,HTTP,1分钟,2020/4/1 10:20
117.88.177.18,3000,HTTP,14天,2020/4/1 10:20
117.88.176.66,3000,HTTP,154天,2020/4/1 10:20
117.88.176.186,3000,HTTPS,116天,2020/4/1 10:00
222.95.144.18,3000,HTTPS,1分钟,2020/4/1 10:00
117.88.177.123,3000,HTTP,14天,2020/4/1 9:20
117.88.176.126,3000,HTTPS,6天,2020/4/1 9:20
117.88.4.159,3000,HTTPS,21天,2020/4/1 9:20
115.219.173.47,8118,HTTPS,3天,2020/4/1 9:00
115.223.70.25,8010,HTTPS,1分钟,2020/4/1 9:00
223.241.116.148,18118,HTTPS,731天,2020/4/1 7:00
222.95.144.83,3000,HTTPS,44天,2020/4/1 6:20
121.237.148.146,3000,HTTP,33天,2020/4/1 6:20
222.128.9.235,59593,HTTPS,552天,2020/4/1 6:20
121.237.149.197,3000,HTTP,1分钟,2020/4/1 6:20
121.237.148.22,3000,HTTP,17小时,2020/4/1 6:00
121.237.148.235,3000,HTTP,1分钟,2020/4/1 5:20
121.237.148.90,3000,HTTPS,117天,2020/4/1 5:00
222.95.144.131,3000,HTTP,3天,2020/4/1 4:20
222.95.144.167,3000,HTTPS,31天,2020/4/1 4:00
222.95.144.46,3000,HTTP,17天,2020/4/1 3:20
123.115.249.208,8118,HTTPS,1分钟,2020/4/1 2:00
222.95.144.77,3000,HTTPS,98天,2020/4/1 1:00
222.95.144.37,3000,HTTPS,12天,2020/4/1 1:00
123.171.5.133,8118,HTTPS,13天,2020/4/1 0:00
121.237.148.50,3000,HTTP,1分钟,2020/3/31 23:21
222.95.144.211,3000,HTTPS,11天,2020/3/31 23:20
121.237.149.228,3000,HTTP,30天,2020/3/31 23:00
121.237.149.254,3000,HTTPS,41天,2020/3/31 23:00
115.208.86.200,8118,HTTP,1分钟,2020/3/31 22:20
121.237.149.217,3000,HTTP,17天,2020/3/31 22:20
1.202.116.62,8118,HTTP,8天,2020/3/31 22:00
121.237.148.150,3000,HTTPS,2天,2020/3/31 22:00
121.237.148.62,3000,HTTP,33天,2020/3/31 20:20
117.88.5.26,3000,HTTPS,32天,2020/3/31 19:21
121.237.148.226,3000,HTTP,8小时,2020/3/31 19:20
117.88.4.102,3000,HTTPS,113天,2020/3/31 19:01
121.237.149.81,3000,HTTP,10天,2020/3/31 19:00
222.95.144.148,3000,HTTP,34天,2020/3/31 19:00
121.237.148.230,3000,HTTP,4小时,2020/3/31 18:20
222.95.144.227,3000,HTTPS,17天,2020/3/31 18:20
121.237.149.223,3000,HTTP,20小时,2020/3/31 18:00
121.237.148.33,3000,HTTP,5天,2020/3/31 18:00
117.88.5.28,3000,HTTP,31天,2020/3/31 18:00
117.88.177.33,3000,HTTPS,1分钟,2020/3/31 17:00
117.88.176.122,3000,HTTPS,38天,2020/3/31 17:00
121.237.149.184,3000,HTTPS,4天,2020/3/31 17:00
121.237.149.170,3000,HTTP,1分钟,2020/3/31 16:20
117.88.4.57,3000,HTTP,1分钟,2020/3/31 16:20
117.88.176.57,3000,HTTP,37天,2020/3/31 16:00
117.88.176.59,3000,HTTP,71天,2020/3/31 16:00
222.95.144.24,3000,HTTPS,98天,2020/3/31 15:20
117.88.176.64,3000,HTTP,26天,2020/3/31 15:20
222.95.144.249,3000,HTTPS,3小时,2020/3/31 15:20
117.88.5.202,3000,HTTP,108天,2020/3/31 15:00
117.88.4.230,3000,HTTPS,28天,2020/3/31 15:00
117.88.176.235,3000,HTTP,125天,2020/3/31 15:00
117.88.176.187,3000,HTTPS,38天,2020/3/31 15:00
117.88.5.178,3000,HTTPS,33天,2020/3/31 14:21
117.88.176.151,3000,HTTPS,74天,2020/3/31 14:20
117.88.4.131,3000,HTTPS,97天,2020/3/31 14:00
117.88.177.108,3000,HTTPS,1分钟,2020/3/31 14:00
117.88.5.48,3000,HTTPS,27天,2020/3/31 13:20
117.88.4.237,3000,HTTP,1分钟,2020/3/31 13:20
117.88.5.10,3000,HTTPS,35天,2020/3/31 13:20
117.88.177.139,3000,HTTP,42天,2020/3/31 13:00
117.88.5.125,3000,HTTPS,1分钟,2020/3/31 13:00
121.237.148.239,3000,HTTP,2天,2020/3/31 12:20
117.88.5.181,3000,HTTP,1分钟,2020/3/31 12:20
117.88.177.128,3000,HTTP,3天,2020/3/31 12:20
121.237.149.156,3000,HTTP,16天,2020/3/31 12:00
117.88.5.32,3000,HTTPS,11天,2020/3/31 10:20
117.88.176.50,3000,HTTP,1分钟,2020/3/31 10:20
117.88.176.192,3000,HTTPS,112天,2020/3/31 10:00
117.88.177.115,3000,HTTP,31天,2020/3/31 9:00
110.73.3.7,8123,HTTP,1511天,2020/3/31 9:00
121.237.149.85,3000,HTTP,23天,2020/3/31 8:00
183.158.4.58,53281,HTTPS,1分钟,2020/3/31 8:00
222.95.144.125,3000,HTTPS,64天,2020/3/31 8:00
121.237.148.199,3000,HTTPS,32天,2020/3/31 8:00
222.95.144.170,3000,HTTPS,52天,2020/3/31 6:20
121.237.149.128,3000,HTTPS,4小时,2020/3/31 6:00
121.237.148.234,3000,HTTPS,41天,2020/3/31 6:00
222.95.144.142,3000,HTTPS,23天,2020/3/31 5:00
222.95.144.38,3000,HTTPS,14天,2020/3/31 5:00
121.237.149.46,3000,HTTPS,1分钟,2020/3/31 5:00
222.95.144.51,3000,HTTP,5天,2020/3/31 4:20
222.95.144.224,3000,HTTP,1分钟,2020/3/31 4:20
222.95.144.215,3000,HTTP,4小时,2020/3/31 3:00
121.237.149.249,3000,HTTPS,22天,2020/3/31 3:00
222.95.144.81,3000,HTTPS,22天,2020/3/31 2:00
121.237.149.106,3000,HTTP,25天,2020/3/31 0:20
121.237.148.38,3000,HTTPS,35天,2020/3/31 0:00
42.242.73.42,8118,HTTPS,1分钟,2020/3/31 0:00
121.237.148.203,3000,HTTP,1分钟,2020/3/30 23:21
222.95.144.208,3000,HTTPS,1分钟,2020/3/30 23:00
121.237.149.238,3000,HTTPS,32天,2020/3/30 23:00
171.35.63.57,8118,HTTPS,1分钟,2020/3/30 23:00
222.95.144.243,3000,HTTP,10天,2020/3/30 22:20
222.95.144.231,3000,HTTPS,10天,2020/3/30 22:00
121.237.149.53,3000,HTTPS,6天,2020/3/30 22:00
1.83.123.215,8118,HTTPS,1分钟,2020/3/30 22:00
121.237.148.251,3000,HTTP,1分钟,2020/3/30 21:20
222.95.144.8,3000,HTTPS,15天,2020/3/30 20:20
121.237.148.190,3000,HTTPS,32天,2020/3/30 20:20
222.95.144.58,3000,HTTP,31天,2020/3/30 20:20
117.88.4.239,3000,HTTP,8天,2020/3/30 20:00
222.95.144.199,3000,HTTP,100天,2020/3/30 20:00
117.88.4.38,3000,HTTPS,1分钟,2020/3/30 20:00
117.88.176.227,3000,HTTP,12天,2020/3/30 19:20
121.237.149.182,3000,HTTP,32天,2020/3/30 19:00
117.88.177.164,3000,HTTPS,30天,2020/3/30 18:20
117.88.4.80,3000,HTTP,23天,2020/3/30 17:20
117.88.4.228,3000,HTTP,1分钟,2020/3/30 17:20
121.237.148.52,3000,HTTP,15天,2020/3/30 17:00
114.224.85.219,8118,HTTP,1分钟,2020/3/30 16:20
117.88.177.46,3000,HTTPS,15天,2020/3/30 16:00
121.237.148.129,3000,HTTP,15天,2020/3/30 16:00
121.237.148.161,3000,HTTP,26天,2020/3/30 16:00
117.88.176.101,3000,HTTPS,52天,2020/3/30 16:00
14.118.215.245,8118,HTTP,1分钟,2020/3/30 15:21
117.88.177.226,3000,HTTPS,101天,2020/3/30 15:21
117.88.5.76,3000,HTTP,8天,2020/3/30 15:20
121.237.149.208,3000,HTTPS,1分钟,2020/3/30 15:00
117.88.5.115,3000,HTTPS,1分钟,2020/3/30 15:00
117.88.5.106,3000,HTTPS,20小时,2020/3/30 13:20
113.120.63.168,1081,HTTPS,1分钟,2020/3/30 12:00
117.88.5.245,3000,HTTPS,46天,2020/3/30 12:00
218.21.230.156,808,HTTPS,104天,2020/3/30 11:00
125.110.68.91,8118,HTTP,1分钟,2020/3/30 8:20
114.235.114.39,8118,HTTP,3天,2020/3/30 7:00
116.30.5.235,8118,HTTPS,1分钟,2020/3/30 6:00
218.93.106.200,8118,HTTPS,1分钟,2020/3/30 5:00
125.120.21.135,8118,HTTPS,1分钟,2020/3/30 4:00
121.237.149.155,3000,HTTP,1分钟,2020/3/30 1:20
222.95.144.229,3000,HTTP,28天,2020/3/30 0:00
115.148.241.112,8118,HTTPS,1分钟,2020/3/30 0:00
121.237.148.125,3000,HTTPS,31天,2020/3/29 23:20
121.237.149.105,3000,HTTPS,19小时,2020/3/29 23:01
222.95.144.246,3000,HTTPS,25天,2020/3/29 22:20
222.95.144.235,3000,HTTP,22天,2020/3/29 22:00
222.95.144.66,3000,HTTP,5天,2020/3/29 21:20
117.88.177.84,3000,HTTPS,8天,2020/3/29 19:20
117.88.177.204,3000,HTTP,20天,2020/3/29 19:20
222.95.144.218,3000,HTTPS,18小时,2020/3/29 18:20
117.88.5.223,3000,HTTPS,111天,2020/3/29 18:20
183.147.228.187,8118,HTTPS,1分钟,2020/3/29 18:00
117.88.177.43,3000,HTTPS,10天,2020/3/29 18:00
117.88.4.37,3000,HTTPS,121天,2020/3/29 17:21
175.172.220.196,8118,HTTP,1分钟,2020/3/29 17:20
121.237.149.67,3000,HTTP,1分钟,2020/3/29 17:20
117.88.176.79,3000,HTTP,1分钟,2020/3/29 17:20
117.88.177.105,3000,HTTPS,1分钟,2020/3/29 17:00
117.62.173.141,8118,HTTPS,1分钟,2020/3/29 17:00
117.88.4.235,3000,HTTPS,32天,2020/3/29 17:00
117.88.177.188,3000,HTTPS,22天,2020/3/29 16:21
121.237.149.125,3000,HTTP,29天,2020/3/29 16:20
117.88.177.113,3000,HTTP,26天,2020/3/29 16:20
117.88.176.115,3000,HTTPS,29天,2020/3/29 16:20
117.88.5.55,3000,HTTPS,30天,2020/3/29 16:00
117.88.177.136,3000,HTTP,23天,2020/3/29 16:00
222.95.144.174,3000,HTTP,96天,2020/3/29 16:00
125.123.120.204,6672,socks4/5,2565天,2020/3/29 15:21
121.40.66.129,808,HTTP,27天,2020/3/29 15:21
117.88.176.37,3000,HTTPS,84天,2020/3/29 15:21
117.88.176.32,3000,HTTPS,1分钟,2020/3/29 15:01
117.88.4.92,3000,HTTPS,1分钟,2020/3/29 15:00
117.88.177.116,3000,HTTPS,111天,2020/3/29 14:20
117.88.177.54,3000,HTTP,23天,2020/3/29 14:20
117.88.176.95,3000,HTTPS,112天,2020/3/29 14:20
117.88.4.74,3000,HTTPS,41天,2020/3/29 13:20
117.88.4.181,3000,HTTP,96天,2020/3/29 13:00
117.88.4.55,3000,HTTPS,102天,2020/3/29 12:20
115.219.107.139,8010,HTTP,1分钟,2020/3/29 12:20
222.95.144.97,3000,HTTPS,30天,2020/3/29 12:20
115.239.34.147,8118,HTTP,1分钟,2020/3/29 11:21
117.88.177.180,3000,HTTP,1分钟,2020/3/29 11:20
121.237.149.122,3000,HTTP,28天,2020/3/29 11:20
175.8.108.110,8118,HTTP,1分钟,2020/3/29 11:20
121.237.246.39,8118,HTTPS,1分钟,2020/3/29 11:00
113.120.60.123,8010,HTTPS,1分钟,2020/3/29 10:00
171.112.33.159,53281,HTTPS,1分钟,2020/3/29 7:00
113.65.45.104,8118,HTTP,3小时,2020/3/29 6:00
121.237.148.120,3000,HTTPS,29天,2020/3/29 3:20
121.237.148.29,3000,HTTP,59分钟,2020/3/29 3:20
121.237.149.62,3000,HTTPS,7天,2020/3/29 3:00
223.199.1.185,8118,HTTP,1天,2020/3/29 2:00
121.237.148.20,3000,HTTP,1天,2020/3/29 0:20
111.177.169.18,8118,HTTPS,1分钟,2020/3/29 0:00
49.233.131.159,8888,HTTP,1分钟,2020/3/28 23:20
121.237.148.113,3000,HTTP,29天,2020/3/28 22:20
222.95.144.89,3000,HTTP,2天,2020/3/28 21:00
121.237.149.251,3000,HTTPS,42天,2020/3/28 21:00
121.237.149.44,3000,HTTP,29天,2020/3/28 19:00
117.88.177.119,3000,HTTP,23小时,2020/3/28 17:20
121.237.149.31,3000,HTTP,8天,2020/3/28 17:00
114.221.172.243,8118,HTTPS,1分钟,2020/3/28 17:00
117.88.4.94,3000,HTTP,29天,2020/3/28 16:00
121.237.149.199,3000,HTTP,1小时,2020/3/28 16:00
117.88.5.103,3000,HTTPS,10天,2020/3/28 15:21
117.88.176.230,3000,HTTP,1分钟,2020/3/28 15:20
117.88.177.168,3000,HTTPS,94天,2020/3/28 15:20
121.237.148.53,3000,HTTPS,64天,2020/3/28 15:00
117.88.177.92,3000,HTTPS,1分钟,2020/3/28 15:00
139.196.140.179,8888,HTTP,31天,2020/3/28 14:20
121.237.148.238,3000,HTTPS,1天,2020/3/28 14:20
121.237.148.4,3000,HTTP,13天,2020/3/28 14:20
171.35.50.114,8118,HTTPS,1分钟,2020/3/28 14:00
223.198.6.35,8118,HTTP,1分钟,2020/3/28 13:20
122.230.144.151,8118,HTTP,1天,2020/3/28 11:00
121.237.148.105,3000,HTTP,27天,2020/3/28 8:00
121.237.149.11,3000,HTTP,30天,2020/3/28 7:00
49.83.243.248,8118,HTTPS,1天,2020/3/28 6:00
60.167.113.45,1133,HTTP,1分钟,2020/3/28 3:20
113.65.152.51,3128,HTTPS,1分钟,2020/3/28 3:00
182.138.182.236,8118,HTTP,1天,2020/3/28 2:00
119.41.195.248,53281,HTTP,6小时,2020/3/28 2:00
113.87.90.136,53281,HTTPS,1天,2020/3/28 1:21
27.47.208.104,8118,HTTP,1分钟,2020/3/27 23:20
113.109.212.74,8118,HTTPS,2小时,2020/3/27 23:00
121.237.149.39,3000,HTTPS,11天,2020/3/27 21:21
121.237.149.123,3000,HTTPS,27天,2020/3/27 21:20
121.237.149.127,3000,HTTP,1分钟,2020/3/27 20:20
117.88.5.95,3000,HTTPS,38天,2020/3/27 20:00
115.197.29.254,8118,HTTPS,12小时,2020/3/27 19:20
117.88.5.185,3000,HTTP,28天,2020/3/27 19:20
115.218.154.71,8118,HTTPS,1分钟,2020/3/27 19:00
117.88.4.62,3000,HTTP,1分钟,2020/3/27 18:20
117.88.4.227,3000,HTTPS,88天,2020/3/27 18:20
117.88.177.9,3000,HTTPS,1分钟,2020/3/27 18:00
117.88.4.128,3000,HTTP,27天,2020/3/27 18:00
117.88.176.178,3000,HTTP,1分钟,2020/3/27 17:20
117.88.5.62,3000,HTTP,147天,2020/3/27 17:20
117.88.5.34,3000,HTTP,21天,2020/3/27 17:00
117.88.4.104,3000,HTTPS,1分钟,2020/3/27 17:00
121.237.148.117,3000,HTTPS,1分钟,2020/3/27 17:00
42.55.252.102,1133,HTTPS,1分钟,2020/3/27 16:00
117.88.177.132,3000,HTTP,14天,2020/3/27 15:20
59.110.243.174,8888,HTTPS,560天,2020/3/27 15:20
121.237.148.60,3000,HTTPS,1分钟,2020/3/27 15:00
113.88.135.200,8118,HTTPS,1分钟,2020/3/27 15:00
117.88.5.107,3000,HTTPS,11天,2020/3/27 14:20
117.88.177.248,3000,HTTPS,27天,2020/3/27 14:00
222.95.144.161,3000,HTTP,4小时,2020/3/27 13:20
182.115.163.101,8118,HTTP,1小时,2020/3/27 13:01
110.73.10.125,8123,HTTP,1503天,2020/3/27 13:00
121.237.149.162,3000,HTTP,9小时,2020/3/27 11:20
117.88.176.24,3000,HTTPS,1分钟,2020/3/27 11:00
222.95.144.185,3000,HTTPS,37天,2020/3/27 10:20
117.88.4.192,3000,HTTP,31天,2020/3/27 10:20
117.88.4.223,3000,HTTP,1分钟,2020/3/27 10:20
27.209.2.222,61234,HTTP,1分钟,2020/3/27 8:20
121.237.149.227,3000,HTTP,83天,2020/3/27 8:20
121.237.149.142,3000,HTTP,13天,2020/3/27 8:00
121.237.148.151,3000,HTTP,19天,2020/3/27 7:20
121.237.149.36,3000,HTTPS,41天,2020/3/27 7:20
121.237.148.63,3000,HTTP,23小时,2020/3/27 7:20
115.219.171.110,8118,HTTPS,1分钟,2020/3/27 7:00
121.237.149.243,3000,HTTPS,16天,2020/3/27 5:00
121.237.149.17,3000,HTTP,19天,2020/3/27 5:00
121.237.149.74,3000,HTTP,27天,2020/3/27 4:20
121.237.149.148,3000,HTTP,1分钟,2020/3/27 4:20
222.95.144.85,3000,HTTP,28天,2020/3/27 3:20
121.237.148.158,3000,HTTP,1分钟,2020/3/27 3:20
117.94.213.117,8118,HTTP,5天,2020/3/27 3:00
121.237.149.204,3000,HTTP,1分钟,2020/3/27 0:20
121.237.148.212,3000,HTTPS,3天,2020/3/27 0:20
121.237.149.246,3000,HTTP,25天,2020/3/27 0:00
121.237.148.44,3000,HTTP,5天,2020/3/26 23:20
222.95.144.42,3000,HTTPS,6天,2020/3/26 23:01
121.237.149.41,3000,HTTP,7天,2020/3/26 23:00
121.237.148.87,3000,HTTP,14天,2020/3/26 22:00
121.238.205.101,8118,HTTP,6天,2020/3/26 21:20
110.73.9.43,8123,HTTP,1478天,2020/3/26 21:20
49.75.223.20,8010,HTTPS,1分钟,2020/3/26 21:00
121.237.149.158,3000,HTTP,34天,2020/3/26 20:20
121.237.148.95,3000,HTTP,1分钟,2020/3/26 19:21
121.237.148.182,3000,HTTPS,27天,2020/3/26 18:20
117.88.5.73,3000,HTTPS,1分钟,2020/3/26 18:00
117.88.177.192,3000,HTTPS,1分钟,2020/3/26 18:00
121.237.148.49,3000,HTTPS,1分钟,2020/3/26 16:00
117.88.5.183,3000,HTTPS,15天,2020/3/26 16:00
121.237.149.76,3000,HTTP,1分钟,2020/3/26 15:20
222.95.144.157,3000,HTTPS,26天,2020/3/26 15:20
123.115.250.230,8118,HTTPS,2天,2020/3/26 15:00
113.65.10.226,8000,HTTP,1分钟,2020/3/26 14:20
117.88.176.179,3000,HTTPS,138天,2020/3/26 14:20
117.88.176.43,3000,HTTPS,1分钟,2020/3/26 9:00
222.95.144.71,3000,HTTP,30天,2020/3/26 9:00
117.88.176.154,3000,HTTP,21天,2020/3/26 8:20
222.95.144.70,3000,HTTPS,35天,2020/3/26 8:00
106.122.205.131,8118,HTTPS,5小时,2020/3/26 7:00
183.163.207.197,8118,HTTP,1分钟,2020/3/26 5:20
118.78.196.142,8118,HTTP,155天,2020/3/26 4:00
121.237.149.200,3000,HTTPS,5小时,2020/3/26 4:00
114.101.44.137,65309,HTTP,1分钟,2020/3/25 23:20
121.237.149.6,3000,HTTP,1分钟,2020/3/25 23:20
175.8.108.109,8118,HTTPS,1分钟,2020/3/25 23:00
125.110.126.241,8118,HTTP,1分钟,2020/3/25 21:20
115.223.91.210,8010,HTTPS,669天,2020/3/25 21:00
121.237.149.202,3000,HTTP,1分钟,2020/3/25 20:20
121.237.149.212,3000,HTTP,16天,2020/3/25 20:20
121.237.149.89,3000,HTTP,11天,2020/3/25 20:20
121.237.149.28,3000,HTTPS,1分钟,2020/3/25 20:00
117.62.173.23,8118,HTTP,1天,2020/3/25 19:00
110.73.4.196,8123,HTTPS,1074天,2020/3/25 19:00
171.80.199.196,8118,HTTP,1分钟,2020/3/25 14:21
121.227.179.238,8118,HTTP,1分钟,2020/3/25 14:21
117.85.166.121,8118,HTTP,4天,2020/3/25 13:00
114.233.201.7,8118,HTTP,12天,2020/3/25 9:20
222.94.148.166,808,HTTPS,1049天,2020/3/25 8:21
115.218.137.95,8118,HTTP,1分钟,2020/3/25 4:20
119.179.130.107,8060,HTTP,1分钟,2020/3/24 23:21
121.237.149.75,3000,HTTPS,26天,2020/3/24 21:20
222.95.144.245,3000,HTTP,1分钟,2020/3/24 20:20
175.148.68.177,1133,HTTPS,635天,2020/3/24 20:01
117.88.176.213,3000,HTTP,17天,2020/3/24 18:20
117.88.176.111,3000,HTTP,1分钟,2020/3/24 18:20
120.11.132.193,8118,HTTPS,1天,2020/3/24 16:20
1.83.117.226,8118,HTTP,1分钟,2020/3/24 13:20
183.143.50.6,8118,HTTP,1分钟,2020/3/24 12:20
171.221.66.26,8118,HTTPS,1分钟,2020/3/24 12:01
59.172.27.6,53281,HTTPS,950天,2020/3/24 7:00
115.223.77.240,8010,HTTP,1分钟,2020/3/24 4:21
183.147.245.40,8118,HTTP,1分钟,2020/3/24 3:20
121.237.149.35,3000,HTTP,17天,2020/3/24 2:20
115.219.168.249,8118,HTTPS,4小时,2020/3/24 2:20
115.219.104.128,8010,HTTPS,462天,2020/3/24 1:00
115.219.106.229,8010,HTTPS,473天,2020/3/23 23:20
115.151.164.246,8118,HTTPS,2小时,2020/3/23 22:20
121.237.149.176,3000,HTTPS,13天,2020/3/23 22:20
183.166.137.38,8888,HTTPS,1分钟,2020/3/23 21:00
121.237.149.203,3000,HTTP,1分钟,2020/3/23 20:20
110.73.83.2,8123,HTTP,1分钟,2020/3/23 20:20
222.95.144.4,3000,HTTPS,1分钟,2020/3/23 19:00
113.109.180.2,8118,HTTPS,20分钟,2020/3/23 18:21
14.114.39.37,8118,HTTPS,1天,2020/3/23 18:20
121.237.148.144,3000,HTTP,9天,2020/3/23 18:00
115.213.166.152,50054,HTTP,1分钟,2020/3/23 17:21
222.95.144.53,3000,HTTP,36天,2020/3/23 17:20
106.122.205.9,8118,HTTP,1分钟,2020/3/23 17:20
171.221.79.246,8118,HTTPS,3天,2020/3/23 9:00
118.114.96.119,8118,HTTPS,3天,2020/3/23 7:00
42.86.162.245,8118,HTTPS,2天,2020/3/23 6:20
112.84.48.26,8118,HTTP,19小时,2020/3/22 22:00
110.87.176.33,8118,HTTPS,2天,2020/3/22 11:22
115.219.106.158,8010,HTTP,1分钟,2020/3/22 7:20
123.185.220.58,8118,HTTP,1分钟,2020/3/22 4:20
59.110.154.102,8080,HTTP,19天,2020/3/22 3:21
121.31.101.217,8123,HTTP,1291天,2020/3/22 0:20
117.88.176.252,3000,HTTPS,7天,2020/3/21 22:00
117.88.177.21,3000,HTTPS,22天,2020/3/21 21:20
222.95.144.117,3000,HTTP,1分钟,2020/3/21 21:20
117.88.5.54,3000,HTTP,1分钟,2020/3/21 21:20
117.88.4.158,3000,HTTPS,142天,2020/3/21 20:21
110.73.2.161,8123,HTTP,1589天,2020/3/21 20:20
222.95.241.193,3000,HTTPS,1分钟,2020/3/21 19:00
121.237.148.100,3000,HTTP,1分钟,2020/3/21 18:20
117.88.4.119,3000,HTTPS,111天,2020/3/21 18:20
222.95.144.220,3000,HTTP,16小时,2020/3/21 18:00
115.219.175.222,8118,HTTP,1分钟,2020/3/21 17:20
117.88.5.172,3000,HTTP,1分钟,2020/3/21 17:20
117.88.5.211,3000,HTTP,6天,2020/3/21 16:20
222.95.240.224,3000,HTTP,1分钟,2020/3/21 15:20
222.95.240.228,3000,HTTPS,22天,2020/3/21 14:20
121.237.148.232,3000,HTTP,14天,2020/3/21 14:20
121.237.149.54,3000,HTTP,1分钟,2020/3/21 14:20
117.88.5.63,3000,HTTP,5天,2020/3/21 14:00
222.95.240.238,3000,HTTPS,1分钟,2020/3/21 14:00
117.88.5.126,3000,HTTPS,93天,2020/3/21 13:20
222.95.241.123,3000,HTTPS,1分钟,2020/3/21 13:00
222.95.241.104,3000,HTTPS,1分钟,2020/3/21 13:00
117.62.173.31,8118,HTTP,3天,2020/3/21 12:20
117.88.5.15,3000,HTTP,1分钟,2020/3/21 12:20
222.95.241.236,3000,HTTP,23天,2020/3/21 11:20
222.95.144.72,3000,HTTPS,20天,2020/3/21 11:20
121.237.148.216,3000,HTTP,19天,2020/3/21 11:00
222.95.241.243,3000,HTTP,19天,2020/3/21 10:00
106.122.205.36,8118,HTTP,20天,2020/3/21 9:20
180.118.252.180,8118,HTTP,12天,2020/3/21 9:20
117.87.180.144,8118,HTTP,19天,2020/3/21 9:00
117.88.177.131,3000,HTTP,9天,2020/3/21 8:21
117.88.4.36,3000,HTTP,1分钟,2020/3/21 8:20
121.237.149.189,3000,HTTP,28天,2020/3/21 7:21
117.88.176.176,3000,HTTP,82天,2020/3/21 7:20
117.88.4.215,3000,HTTPS,1分钟,2020/3/21 7:00
117.88.4.20,3000,HTTPS,1分钟,2020/3/21 7:00
117.88.176.99,3000,HTTP,104天,2020/3/21 6:20
117.88.5.167,3000,HTTP,1分钟,2020/3/21 5:20
117.88.176.169,3000,HTTP,1分钟,2020/3/21 5:20
117.88.5.207,3000,HTTPS,1分钟,2020/3/21 5:00
117.88.5.147,3000,HTTP,1分钟,2020/3/21 3:20
117.88.177.3,3000,HTTPS,81天,2020/3/21 3:20
14.212.249.10,8118,HTTPS,1分钟,2020/3/21 3:00
117.81.241.156,8010,HTTPS,574天,2020/3/21 2:21
117.88.5.35,3000,HTTP,1分钟,2020/3/21 2:20
121.237.148.191,3000,HTTP,1天,2020/3/21 1:20
117.88.5.31,3000,HTTPS,25天,2020/3/21 1:00
117.88.4.13,3000,HTTPS,1分钟,2020/3/21 1:00
222.95.144.171,3000,HTTPS,1分钟,2020/3/20 23:00
121.237.149.2,3000,HTTP,1分钟,2020/3/20 22:20
117.88.177.207,3000,HTTPS,5天,2020/3/20 22:00
121.237.149.237,3000,HTTPS,1分钟,2020/3/20 22:00
222.95.144.165,3000,HTTP,74天,2020/3/20 22:00
222.95.240.51,3000,HTTPS,20天,2020/3/20 22:00
222.95.144.48,3000,HTTP,24天,2020/3/20 22:00
118.250.0.159,8060,HTTP,1分钟,2020/3/20 21:21
117.88.176.21,3000,HTTP,11天,2020/3/20 21:20
121.237.148.202,3000,HTTP,12天,2020/3/20 21:20
117.88.4.134,3000,HTTP,1分钟,2020/3/20 19:20
117.88.4.232,3000,HTTP,1分钟,2020/3/20 18:21
106.6.133.66,8118,HTTPS,1分钟,2020/3/20 17:00
112.237.68.133,8118,HTTP,1分钟,2020/3/20 14:20
117.88.5.74,3000,HTTP,22天,2020/3/20 14:20
222.95.240.133,3000,HTTPS,29天,2020/3/20 14:20
121.237.149.25,3000,HTTP,17天,2020/3/20 14:00
117.88.5.44,3000,HTTP,1分钟,2020/3/20 13:20
117.88.4.58,3000,HTTP,109天,2020/3/20 13:20
117.88.5.233,3000,HTTP,2天,2020/3/20 13:20
117.88.5.94,3000,HTTPS,1分钟,2020/3/20 13:00
117.88.4.116,3000,HTTPS,31天,2020/3/20 13:00
60.168.60.172,8118,HTTP,1分钟,2020/3/20 12:20
175.175.216.247,1133,HTTPS,578天,2020/3/20 12:20
222.95.144.237,3000,HTTPS,1分钟,2020/3/20 12:00
121.237.149.38,3000,HTTPS,2小时,2020/3/20 12:00
118.78.196.46,8118,HTTP,4天,2020/3/20 12:00
117.88.4.50,3000,HTTP,1分钟,2020/3/20 11:20
221.224.76.138,1080,HTTP,1天,2020/3/20 11:20
117.88.177.171,3000,HTTP,34天,2020/3/20 11:20
117.88.4.233,3000,HTTP,21天,2020/3/20 10:20
222.95.240.75,3000,HTTP,1分钟,2020/3/20 9:20
117.88.4.169,3000,HTTP,1分钟,2020/3/20 8:21
121.237.148.10,3000,HTTP,97天,2020/3/20 8:00
222.95.144.155,3000,HTTP,65天,2020/3/20 7:21
117.88.4.171,3000,HTTP,2天,2020/3/20 6:20
121.237.148.118,3000,HTTP,8天,2020/3/20 6:00
117.88.4.48,3000,HTTP,1分钟,2020/3/20 5:20
222.95.144.45,3000,HTTPS,9小时,2020/3/20 5:00
117.88.176.106,3000,HTTPS,2天,2020/3/20 4:20
222.208.223.24,63000,HTTPS,628天,2020/3/20 4:00
117.88.177.130,3000,HTTP,21天,2020/3/20 3:20
117.88.5.36,3000,HTTPS,1分钟,2020/3/20 3:00
112.86.152.230,8118,HTTPS,1分钟,2020/3/20 3:00
121.237.148.67,3000,HTTPS,1分钟,2020/3/20 2:00
220.171.90.158,8060,HTTP,21天,2020/3/20 1:21
121.237.149.59,3000,HTTP,24天,2020/3/20 1:00
117.88.176.89,3000,HTTPS,11小时,2020/3/20 1:00
117.88.176.131,3000,HTTPS,28天,2020/3/20 1:00
1.83.122.43,8118,HTTP,1分钟,2020/3/20 0:20
117.88.176.200,3000,HTTPS,31天,2020/3/20 0:00
117.88.4.165,3000,HTTP,20天,2020/3/19 23:00
222.95.144.32,3000,HTTPS,31天,2020/3/19 22:20
121.237.148.47,3000,HTTPS,81天,2020/3/19 22:20
117.88.5.67,3000,HTTPS,15天,2020/3/19 22:00
117.88.4.68,3000,HTTPS,1分钟,2020/3/19 22:00
117.88.4.246,3000,HTTPS,1分钟,2020/3/19 21:00
121.237.148.178,3000,HTTPS,41天,2020/3/19 20:20
222.95.240.70,3000,HTTP,1分钟,2020/3/19 19:20
117.88.176.90,3000,HTTPS,125天,2020/3/19 18:21
117.88.5.159,3000,HTTP,8小时,2020/3/19 18:21
121.225.186.86,3000,HTTPS,1分钟,2020/3/19 18:00
222.95.240.227,3000,HTTP,1分钟,2020/3/19 17:21
221.224.136.211,35101,HTTPS,525天,2020/3/19 17:21
117.88.4.136,3000,HTTP,1分钟,2020/3/19 17:20
121.237.148.225,3000,HTTPS,1分钟,2020/3/19 17:00
183.143.42.232,8118,HTTPS,1分钟,2020/3/19 17:00
117.88.4.14,3000,HTTP,77天,2020/3/19 17:00
222.95.241.4,3000,HTTP,1分钟,2020/3/19 16:20
117.88.176.39,3000,HTTP,21天,2020/3/19 16:20
117.88.4.225,3000,HTTPS,74天,2020/3/19 15:00
222.95.240.66,3000,HTTPS,18天,2020/3/19 14:21
60.167.21.250,8118,HTTP,20小时,2020/3/19 14:20
222.95.241.181,3000,HTTP,1分钟,2020/3/19 14:20
222.95.144.212,3000,HTTP,28天,2020/3/19 13:20
222.95.144.138,3000,HTTP,1分钟,2020/3/19 13:20
117.88.4.195,3000,HTTP,19天,2020/3/19 13:00
121.237.149.229,3000,HTTP,5天,2020/3/19 13:00
121.237.149.4,3000,HTTPS,10天,2020/3/19 13:00
121.237.148.57,3000,HTTP,1分钟,2020/3/19 12:21
117.88.4.67,3000,HTTP,1分钟,2020/3/19 12:20
117.88.176.234,3000,HTTPS,130天,2020/3/19 12:20
175.175.218.219,1133,HTTPS,542天,2020/3/19 11:21
117.88.5.153,3000,HTTPS,78天,2020/3/19 11:20
222.95.241.58,3000,HTTP,1分钟,2020/3/19 9:20
117.88.5.66,3000,HTTPS,1分钟,2020/3/19 9:00
111.76.248.25,8118,HTTPS,1分钟,2020/3/19 8:00
110.73.9.81,8123,HTTP,1415天,2020/3/19 8:00
122.192.38.47,8118,HTTP,1分钟,2020/3/19 7:20
115.223.117.69,8010,HTTPS,1分钟,2020/3/19 5:00
121.31.102.26,8123,HTTPS,1分钟,2020/3/19 4:00
115.219.109.3,8010,HTTP,1分钟,2020/3/18 23:20
117.88.5.214,3000,HTTPS,1分钟,2020/3/18 21:00
118.24.246.249,80,HTTP,20天,2020/3/18 19:21
1.83.123.207,8118,HTTP,1分钟,2020/3/18 19:21
123.185.222.248,8118,HTTP,2天,2020/3/18 19:21
101.205.51.132,61234,HTTPS,6小时,2020/3/18 16:20
49.68.126.78,8118,HTTP,1分钟,2020/3/18 13:21
117.94.213.165,8118,HTTPS,18天,2020/3/18 12:20
175.17.15.111,8118,HTTP,1分钟,2020/3/18 10:22
